N,condition,seed,initial_accuracy,final_accuracy,final_vote_country,final_vote_correct,final_vote_accuracy,gain,final_outcome,stored_final_outcome,top1_share,top2_share,truth_country,source_trial,summary_json_sha256,per_round_csv_sha256
4,all_gpt_4o,seed_0001,0.75,1.0,Chad,True,1.0,0.25,correct_consensus,correct_consensus,1.0,0.0,Chad,results/flag_game/proposal_core_remaining_seeds7_w6_h4_scale25_noexamples_stop5/04_model_mix_alpha_neutral/N4/all_gpt_4o/seed_0001,670fec7fa876d2ba73f7728a66e80bf45de1cbf397f3cb96eca8802deddc90fd,f04f37380106ae51fbe6339d4427d5d27ecc6a62091eb569189bad9c02725afa
4,all_gpt_4o,seed_0002,0.5,1.0,Austria,True,1.0,0.5,correct_consensus,correct_consensus,1.0,0.0,Austria,results/flag_game/proposal_core_remaining_seeds7_w6_h4_scale25_noexamples_stop5/04_model_mix_alpha_neutral/N4/all_gpt_4o/seed_0002,a425cce935be57e88a42365d82ffb72dab4d6348e9ad150c7a4f82bc4f72266e,04def6ee6409360aac9e7a691bf60ed1fb69568fd33c4e24dc8318c691789dfe
4,all_gpt_4o,seed_0003,0.25,0.0,Peru,False,0.0,-0.25,polarization,polarization,0.75,0.25,France,results/flag_game/proposal_core_remaining_seeds7_w6_h4_scale25_noexamples_stop5/04_model_mix_alpha_neutral/N4/all_gpt_4o/seed_0003,a01a95791f315927fa95677f13b4ca9e814c41baaf210aeef15028474fbbaff2,55f454f7f3062a3eb055f242cd84c817584746e35cf9546077458e3cb342d01f
4,all_gpt_4o,seed_0004,0.25,0.0,Chad,False,0.0,-0.25,wrong_consensus,wrong_consensus,1.0,0.0,France,results/flag_game/proposal_core_remaining_seeds7_w6_h4_scale25_noexamples_stop5/04_model_mix_alpha_neutral/N4/all_gpt_4o/seed_0004,df850e49a61d3eaca72d95590af52943ed157aa8a5c2b65158dcf520b5d89cab,6f79ad36ce43635ee41f11039d3e333c740d5257389f61a1818d646314295a17
4,all_gpt_4o,seed_0005,0.25,1.0,Peru,True,1.0,0.75,correct_consensus,correct_consensus,1.0,0.0,Peru,results/flag_game/proposal_core_remaining_seeds7_w6_h4_scale25_noexamples_stop5/04_model_mix_alpha_neutral/N4/all_gpt_4o/seed_0005,8826d8a6f23f33ed4f16ab22459236b3c82980881699505e72249347ae87c873,aa0cdaba988f18524c21467b1d552541d0dca8fcf32da89367495a2873db3c26
4,all_gpt_4o,seed_0006,1.0,1.0,Nigeria,True,1.0,0.0,correct_consensus,correct_consensus,1.0,0.0,Nigeria,results/flag_game/proposal_core_remaining_seeds7_w6_h4_scale25_noexamples_stop5/04_model_mix_alpha_neutral/N4/all_gpt_4o/seed_0006,f98c8613b07308007d9a31a4f9c42d8d463b845e1c7c8b7ea6367dbcc3f1e610,8475244025360f1dde4569e849ec8f49fc811450611396dcd70fe3ea82f6203b
4,all_gpt_4o,seed_0007,0.25,0.0,Mali,False,0.0,-0.25,wrong_consensus,wrong_consensus,1.0,0.0,Guinea,results/flag_game/proposal_core_remaining_seeds7_w6_h4_scale25_noexamples_stop5/04_model_mix_alpha_neutral/N4/all_gpt_4o/seed_0007,52dbc9f80c678e2b2b60c5f86426666d3eb7f9ffcf472a3ff854c85d6fd9437b,46045d4bc1437ac8cb6c1bb151f9fd022529d813dc9703153f2f89fdd3525f74
4,all_gpt_4o,seed_0008,0.0,1.0,France,True,1.0,1.0,correct_consensus,correct_consensus,1.0,0.0,France,results/flag_game/proposal_core_remaining_seeds7_w6_h4_scale25_noexamples_stop5/04_model_mix_alpha_neutral/N4/all_gpt_4o/seed_0008,e0c07662076f28949a269de1db470927c5e2e744f2ae8b390656a525d25077f4,93dc7489b7b9dfdacf635630b756bcf2ff393debf2a211ad24f1496d7c50caf9
4,all_gpt_4o,seed_0009,0.25,0.75,Lithuania,True,1.0,0.5,polarization,polarization,0.75,0.25,Lithuania,results/flag_game/proposal_core_remaining_seeds7_w6_h4_scale25_noexamples_stop5/04_model_mix_alpha_neutral/N4/all_gpt_4o/seed_0009,b7fdab73938085f204e5f8880fa544b939128472c08226033122ffad44aa90ca,c31d987486aead5eed97c36824e9af72cb447c3f71d59de93e68e26629e632af
4,all_gpt_4o,seed_0010,0.75,1.0,Nigeria,True,1.0,0.25,correct_consensus,correct_consensus,1.0,0.0,Nigeria,results/flag_game/proposal_core_remaining_seeds7_w6_h4_scale25_noexamples_stop5/04_model_mix_alpha_neutral/N4/all_gpt_4o/seed_0010,f673a95e370ec04219eaa04ecbfe8fdf0f3fd6d575866a34bc47403fea187092,61113055d7e2ba04257e659888226dd4bc2f1f49da6b781f18417caa08450f0d
4,all_gpt_4o,seed_0011,0.0,0.0,Austria,False,0.0,0.0,polarization,polarization,0.75,0.25,Lithuania,results/flag_game/original_population_unused_seeds_except_armenia_gpt4o_20261002_v1/trials/N4/all_gpt_4o/seed_0011,929f3049fa78f4add33e420297306d8f80a366d41b6ef90b450863b61ea861f3,f3b4328075fb5c65632a719d4159e4f29c5432b15f8e221a54257f5ef46f98e0
4,all_gpt_4o,seed_0012,0.0,0.0,Sierra Leone,False,0.0,0.0,wrong_consensus,wrong_consensus,1.0,0.0,Luxembourg,results/flag_game/original_population_unused_seeds_except_armenia_gpt4o_20261002_v1/trials/N4/all_gpt_4o/seed_0012,1e9ef1f915529c1f63246f9997f3b2a57a919941aaf367ce19dad12b42375a54,8ceae9b001e1fd350b2fea091c027388623afc8d7753ae25730590ced320cdaf
4,all_gpt_4o,seed_0013,0.25,1.0,Gabon,True,1.0,0.75,correct_consensus,correct_consensus,1.0,0.0,Gabon,results/flag_game/proposal_core_remaining_seeds7_w6_h4_scale25_noexamples_stop5/04_model_mix_alpha_neutral/N4/all_gpt_4o/seed_0013,d48889927ece59d534e1bc0f82c54a5a09d1f0bfd0c39d1c917c13dde871b88c,48cc471a6e1c0aedad2cdbfa838488a8cb3c02d7f045e73a3dd84ec8a9deefdc
4,all_gpt_4o,seed_0014,1.0,1.0,Bulgaria,True,1.0,0.0,correct_consensus,correct_consensus,1.0,0.0,Bulgaria,results/flag_game/proposal_core_remaining_seeds7_w6_h4_scale25_noexamples_stop5/04_model_mix_alpha_neutral/N4/all_gpt_4o/seed_0014,39d9d40260b8a2ba263315c7ea0f29708bef9d85f85e1ba2cc6decaf5607834e,b432c7dc51a9171cbae2bd46da5eb17d6f34c96ed9ece24a61f924323d5c2067
4,all_gpt_4o,seed_0015,0.25,0.0,Chad,False,0.0,-0.25,wrong_consensus,wrong_consensus,1.0,0.0,Estonia,results/flag_game/proposal_core_remaining_seeds7_w6_h4_scale25_noexamples_stop5/04_model_mix_alpha_neutral/N4/all_gpt_4o/seed_0015,340d675977f12fbf9b2f038e70177d9654c437b1e5c10c31953250fd8b923daf,df160b6c34d5f16a4087cd9d10ea9740d645d55caf5671d519545e0d41c485bd
4,all_gpt_4o,seed_0016,0.0,0.0,Austria,False,0.0,0.0,wrong_consensus,wrong_consensus,1.0,0.0,Hungary,results/flag_game/original_population_unused_seeds_except_armenia_gpt4o_20261002_v1/trials/N4/all_gpt_4o/seed_0016,112782b410fd81a07d800345fb6bbf0864fad9901d868514462fcf839e556b91,8d6692473491c15d62d62d549413f578d3c911863a147675e1a3036309046e0f
4,all_gpt_4o,seed_0017,0.0,0.0,Chad,False,0.0,0.0,polarization,polarization,0.75,0.25,Mali,results/flag_game/original_population_unused_seeds_except_armenia_gpt4o_20261002_v1/trials/N4/all_gpt_4o/seed_0017,b9381e2adade87c3d25461127c67f2b8727d6012245e8e5bb70b7cf4604a2dee,bea147153412f65a8d35861279024ef131dbf8e8a8ad273ebacd68e63a207266
4,all_gpt_4o,seed_0018,0.25,0.0,Nigeria,False,0.0,-0.25,wrong_consensus,wrong_consensus,1.0,0.0,Cote d'Ivoire,results/flag_game/proposal_core_remaining_seeds7_w6_h4_scale25_noexamples_stop5/04_model_mix_alpha_neutral/N4/all_gpt_4o/seed_0018,bfff7f0267da98ba2cb0a197524c8c7ca46f6cc89bfd9d6fdd8b4653f818e22d,4ceda1eaa6f315cfe1e4f4864173849743b78e959869ed68b82d35fb9537166a
4,all_gpt_4o,seed_0019,0.0,0.0,Russia,False,0.0,0.0,polarization,polarization,0.75,0.25,Sierra Leone,results/flag_game/original_population_unused_seeds_except_armenia_gpt4o_20261002_v1/trials/N4/all_gpt_4o/seed_0019,51596cfbcf3305459cc95475326f64c2b4214be4756f9687de7e236fd3fed63f,16c68ceb8c5d841510b14f659f2d5fa4e058b11f492de56769a5b7ad1fa4cfb6
4,all_gpt_4o,seed_0020,0.25,1.0,Yemen,True,1.0,0.75,correct_consensus,correct_consensus,1.0,0.0,Yemen,results/flag_game/proposal_core_remaining_seeds7_w6_h4_scale25_noexamples_stop5/04_model_mix_alpha_neutral/N4/all_gpt_4o/seed_0020,95fc3b566d943a408a3c7fd05b222388b691974a8eb6ea8bd13eb08cbd4e11d7,908eb06a73baf20531fba132d709437e7ca5ec50b9adbc37c454a0552c350ed9
4,all_gpt_4o,seed_0021,0.25,0.25,Nigeria,False,0.0,0.0,polarization,polarization,0.75,0.25,Cote d'Ivoire,results/flag_game/original_population_unused_seeds_except_armenia_gpt4o_20261002_v1/trials/N4/all_gpt_4o/seed_0021,8446f0e385ca24eb8811585ce6ee2cb73aafba6a9f6e2e3354870019f5b0ff45,9b18125675098bf250ac3377dde22e32732ba47593cfeabf22b7f9b00710ab59
4,all_gpt_4o,seed_0022,0.75,1.0,Chad,True,1.0,0.25,correct_consensus,correct_consensus,1.0,0.0,Chad,results/flag_game/original_population_unused_seeds_except_armenia_gpt4o_20261002_v1/trials/N4/all_gpt_4o/seed_0022,fbe603cb9acaf52cd5e5f72a7a987f71b2e15d0eb3d7521d910718c500a0391b,299013742dc579161ab91360a12b24ae6b75b0b2a45c2e8f410ff3ee56f36ab9
4,all_gpt_4o,seed_0023,0.0,1.0,Germany,True,1.0,1.0,correct_consensus,correct_consensus,1.0,0.0,Germany,results/flag_game/proposal_core_remaining_seeds7_w6_h4_scale25_noexamples_stop5/04_model_mix_alpha_neutral/N4/all_gpt_4o/seed_0023,4b8ffb2003a3f939ca9fa8bda13c151063583e90d5733060099e62e094d01a42,6b1495125d32efb704e81aa81cb65ffcafdb8c28d8a38deddb6c228ea5b441f4
4,all_gpt_4o,seed_0024,0.5,1.0,Ukraine,True,1.0,0.5,correct_consensus,correct_consensus,1.0,0.0,Ukraine,results/flag_game/proposal_core_remaining_seeds7_w6_h4_scale25_noexamples_stop5/04_model_mix_alpha_neutral/N4/all_gpt_4o/seed_0024,934c270052d78347968b906fe58b2c289d55e667d4a2dcb61f7a059c56e98f8d,3353aecaf0ee29b4113016a5f85da84ff9469341e14deab2ab2f6f511db1d612
4,all_gpt_4o,seed_0025,0.0,0.0,Nigeria,False,0.0,0.0,wrong_consensus,wrong_consensus,1.0,0.0,Ireland,results/flag_game/original_population_unused_seeds_except_armenia_gpt4o_20261002_v1/trials/N4/all_gpt_4o/seed_0025,fe0a0d68df548ec2e9789c21050bf9eafaf7c1a0133c7caaa7da6b8634aef716,ce62f2adeaf5586d05778600b9fdcbaea3fbb82c5d5f1bbf32611a1326186013
4,all_gpt_4o,seed_0026,0.25,0.0,Austria,False,0.0,-0.25,wrong_consensus,wrong_consensus,1.0,0.0,Yemen,results/flag_game/original_population_unused_seeds_except_armenia_gpt4o_20261002_v1/trials/N4/all_gpt_4o/seed_0026,38c2daec70bf8c4b0113851122bcd8c8a1d95ccd59f2041196f53a24e243f208,563170e9b1de8dd344f51e44192176ccd41f19918930ae820b7688401f709dbf
4,all_gpt_4o,seed_0027,0.25,1.0,Russia,True,1.0,0.75,correct_consensus,correct_consensus,1.0,0.0,Russia,results/flag_game/proposal_core_remaining_seeds7_w6_h4_scale25_noexamples_stop5/04_model_mix_alpha_neutral/N4/all_gpt_4o/seed_0027,2a97a25cbff7e898b7bba9ed87fb5bc1e8d8dde0e574034747332f6d7e3e4b34,6bdf9974d7278753ea3c3677fd658d34f72fe6f64ac462380d7c376c7d0b338c
4,all_gpt_4o,seed_0028,0.5,1.0,Bulgaria,True,1.0,0.5,correct_consensus,correct_consensus,1.0,0.0,Bulgaria,results/flag_game/original_population_unused_seeds_except_armenia_gpt4o_20261002_v1/trials/N4/all_gpt_4o/seed_0028,1156ac0522c16ef77c7a0fb5bc27264567cd42d68f0e03aff11862178216cac6,bffd31b61b668df35965a6eb8fd41fc513f415319dc4913a04ec475173d20348
4,all_gpt_4o,seed_0029,0.0,0.0,,False,0.0,0.0,polarization,polarization,0.5,0.5,Netherlands,results/flag_game/original_population_unused_seeds_except_armenia_gpt4o_20261002_v1/trials/N4/all_gpt_4o/seed_0029,ebeb8b4b169beb046155e962029c78ccee6404eb15074702f6cd269e21a63e85,d5d9c41c428a0a282d8ff47f051458957f0f1dd5193d98c5f2d99f9bda1a3431
4,all_gpt_4o,seed_0030,0.0,0.0,Russia,False,0.0,0.0,wrong_consensus,wrong_consensus,1.0,0.0,Netherlands,results/flag_game/original_population_unused_seeds_except_armenia_gpt4o_20261002_v1/trials/N4/all_gpt_4o/seed_0030,f8064bc7125a9bb77cac0fe98687c3b9b035f55a91a44f6ab152352f90eb0c17,71ef02945ca4e541fabab1aee9f37a134427a39e06bfa1579bf27e049b95e6c6
4,all_gpt_4o,seed_0032,0.0,0.0,,False,0.0,0.0,polarization,polarization,0.5,0.5,Belgium,results/flag_game/proposal_core_remaining_seeds7_w6_h4_scale25_noexamples_stop5/04_model_mix_alpha_neutral/N4/all_gpt_4o/seed_0032,5989276c417e0f15b1a432ab77d6d3c69b852579fb46228cec25b5b3d2b57435,bfa80ed267050cb75ec115c5f3ebe804d6b3c061a4941eac9d160ce0333ed094
4,all_gpt_4o,seed_0033,0.75,1.0,Nigeria,True,1.0,0.25,correct_consensus,correct_consensus,1.0,0.0,Nigeria,results/flag_game/proposal_core_remaining_seeds7_w6_h4_scale25_noexamples_stop5/04_model_mix_alpha_neutral/N4/all_gpt_4o/seed_0033,2a189411d79671d22c5d6bd71f44e619505462a194defdb9443cc990385eafc5,c7556b34e927b152ad97acb2175576d290389c23efaf45745aba13a54efe0b24
4,all_gpt_4o,seed_0034,0.5,0.5,,False,0.0,0.0,polarization,polarization,0.5,0.5,Mali,results/flag_game/proposal_core_remaining_seeds7_w6_h4_scale25_noexamples_stop5/04_model_mix_alpha_neutral/N4/all_gpt_4o/seed_0034,9fe31e74f0e55e90822d17f156e0a6f0b48b0d7ce5c8e84488de2114de6d19b6,87bf673290913a725f5ef283f0146b2a433516fcbf948be0e4eeb1ffe94180c4
4,all_gpt_4o,seed_0035,0.0,0.0,,False,0.0,0.0,polarization,polarization,0.5,0.5,Netherlands,results/flag_game/proposal_core_remaining_seeds7_w6_h4_scale25_noexamples_stop5/04_model_mix_alpha_neutral/N4/all_gpt_4o/seed_0035,ca6b7d649e1c9af8ba82fe859d345020375f1be81012bdf39d6a42898b0c55a2,fdb268a8ac90440a4e8b9a1d276535f708864a61309409812c056931ec0f2aee
4,all_gpt_4o,seed_0036,0.25,0.0,Mali,False,0.0,-0.25,wrong_consensus,wrong_consensus,1.0,0.0,Guinea,results/flag_game/proposal_core_remaining_seeds7_w6_h4_scale25_noexamples_stop5/04_model_mix_alpha_neutral/N4/all_gpt_4o/seed_0036,42bfaaa2c495cd0ee23e115df6207370e2acc97ce499cbb759c2f7a8fe0fed4d,22c0579c2131a579a2a99e2e90f820dbb9e305e8798f44b1478fd3aa78eb3b54
4,all_gpt_4o,seed_0037,0.0,0.0,Russia,False,0.0,0.0,wrong_consensus,wrong_consensus,1.0,0.0,Sierra Leone,results/flag_game/proposal_core_remaining_seeds7_w6_h4_scale25_noexamples_stop5/04_model_mix_alpha_neutral/N4/all_gpt_4o/seed_0037,55d6c10e929678ff2803649c806a83052a41809930b48791de5a2e2f66c6eb92,7a0cbd4e17b964b592786bed9d606eb916a273d488bb2e4ea80eaa76ad883c42
4,all_gpt_4o,seed_0038,0.0,1.0,Russia,True,1.0,1.0,correct_consensus,correct_consensus,1.0,0.0,Russia,results/flag_game/proposal_core_remaining_seeds7_w6_h4_scale25_noexamples_stop5/04_model_mix_alpha_neutral/N4/all_gpt_4o/seed_0038,d8272f00a8d2410fdb2da25e008d2a76b07be55ff929dbe5c171bf15b2b3889e,24e92709dc2c8f4b9ae088022c840d6ca970d5e59f45bbb8331a0793d1d3d2ad
4,all_gpt_4o,seed_0039,0.75,1.0,Estonia,True,1.0,0.25,correct_consensus,correct_consensus,1.0,0.0,Estonia,results/flag_game/proposal_core_remaining_seeds7_w6_h4_scale25_noexamples_stop5/04_model_mix_alpha_neutral/N4/all_gpt_4o/seed_0039,6365d940acfd693228b8954714f5f5aa45da2fad787cc7d38323ef735c4b925c,7f73fd4f62ff097bea9cf4f5c0ebf412c8918cb576cc78bc0e33c30cdd7f0896
4,all_gpt_4o,seed_0040,0.0,0.0,Bulgaria,False,0.0,0.0,polarization,polarization,0.75,0.25,Lithuania,results/flag_game/proposal_core_remaining_seeds7_w6_h4_scale25_noexamples_stop5/04_model_mix_alpha_neutral/N4/all_gpt_4o/seed_0040,b3ca956e62e465f0bb5ca55ab67c320d49324019b344f2f70acc9efb232ffd13,c8bbc5985bedd5f993ed7c2dab5b5a003ed851ccfa5c3bce7ae664d48b6c5554
4,all_gpt_4o,seed_0041,0.0,0.0,Nigeria,False,0.0,0.0,wrong_consensus,wrong_consensus,1.0,0.0,Ireland,results/flag_game/proposal_core_remaining_seeds7_w6_h4_scale25_noexamples_stop5/04_model_mix_alpha_neutral/N4/all_gpt_4o/seed_0041,49e39fb56494d0a3b063929022dc70396aa0d113bcfa32d1a4cb83a1b73ec0dc,f1cf00f19b1abdb8f9e8bf9ba5409747e5a6b1070e5c58f5185d419ef122bb52
8,all_gpt_4o,seed_0001,0.875,1.0,Chad,True,1.0,0.125,correct_consensus,correct_consensus,1.0,0.0,Chad,results/flag_game/proposal_core_remaining_seeds7_w6_h4_scale25_noexamples_stop5/04_model_mix_alpha_neutral/N8/all_gpt_4o/seed_0001,367017c826c5ff343ec2899e841370841cd1801ee274155a4ac7284e8f5ae3fc,632e511102573678bd55cbc3577fc5ab08d2b80d95d7e1e9d6ef0a2d65c6a42d
8,all_gpt_4o,seed_0002,0.875,1.0,Austria,True,1.0,0.125,correct_consensus,correct_consensus,1.0,0.0,Austria,results/flag_game/proposal_core_remaining_seeds7_w6_h4_scale25_noexamples_stop5/04_model_mix_alpha_neutral/N8/all_gpt_4o/seed_0002,a3a98925819408a5e1d7ac59d0d69a0b41dd13f5693a03002a3b00704b647a7a,e463e19d8c417a024496598b8529ccdec0e65aae1e4de56d3b06bedd04aea3da
8,all_gpt_4o,seed_0003,0.375,1.0,France,True,1.0,0.625,correct_consensus,correct_consensus,1.0,0.0,France,results/flag_game/proposal_core_remaining_seeds7_w6_h4_scale25_noexamples_stop5/04_model_mix_alpha_neutral/N8/all_gpt_4o/seed_0003,dad05b72ae67cc4961e2e7f03cd4023956d170e6fd1f890f7d1b5af5805253dd,baa636da823f2253d4ff70f8555ca3d12ef0548fcedb350e5d956d6198b9faac
8,all_gpt_4o,seed_0004,0.625,1.0,France,True,1.0,0.375,correct_consensus,correct_consensus,1.0,0.0,France,results/flag_game/proposal_core_remaining_seeds7_w6_h4_scale25_noexamples_stop5/04_model_mix_alpha_neutral/N8/all_gpt_4o/seed_0004,59d130e1427f5843388c4c1d7141d20fee45bb274797d1daf288c4000291fce5,240abe8e893fe9306ce396c734c183972bef2b2b9480aee650a74a547c40cde5
8,all_gpt_4o,seed_0005,0.75,1.0,Peru,True,1.0,0.25,correct_consensus,correct_consensus,1.0,0.0,Peru,results/flag_game/proposal_core_remaining_seeds7_w6_h4_scale25_noexamples_stop5/04_model_mix_alpha_neutral/N8/all_gpt_4o/seed_0005,dfa59851736d608ea6bca8ec9d77676de2387ef0b7cf06b06187bf21f4b07443,9a2e7bda0b3f5045eeb5dd98b4bbfb3c54a1a23a80c9b50a48cd91deed686412
8,all_gpt_4o,seed_0006,1.0,1.0,Nigeria,True,1.0,0.0,correct_consensus,correct_consensus,1.0,0.0,Nigeria,results/flag_game/proposal_core_remaining_seeds7_w6_h4_scale25_noexamples_stop5/04_model_mix_alpha_neutral/N8/all_gpt_4o/seed_0006,de9c1aeb4cbb009076575a386c4139ff9625c2975fe2ddfb8b29cf95bb2879a3,e6a05d4af5080ed7240ec0ca144fdb4c1b3334cc8125c4a284c13af433b0838b
8,all_gpt_4o,seed_0007,0.125,0.5,,False,0.0,0.375,polarization,polarization,0.5,0.5,Guinea,results/flag_game/proposal_core_remaining_seeds7_w6_h4_scale25_noexamples_stop5/04_model_mix_alpha_neutral/N8/all_gpt_4o/seed_0007,1d602ec774f0d42c38f271b48f331580ba98cb7cfe3fbc5c4d9cbc83a50b72dd,c75cd4cf6cdd729b90a004f941da6c69444180fbc57ddd52b94763f8820c57e9
8,all_gpt_4o,seed_0008,0.0,0.0,Peru,False,0.0,0.0,polarization,polarization,0.75,0.25,France,results/flag_game/proposal_core_remaining_seeds7_w6_h4_scale25_noexamples_stop5/04_model_mix_alpha_neutral/N8/all_gpt_4o/seed_0008,eff1dd3d1c9905f3a009195001de3f467f5f9eb663fc209493de9cb632d3f026,a49442d8713228aef3e815e0c9adaa460459e7a7d0a635dfe97273d7699b4313
8,all_gpt_4o,seed_0009,0.375,0.625,Lithuania,True,1.0,0.25,polarization,polarization,0.625,0.375,Lithuania,results/flag_game/proposal_core_remaining_seeds7_w6_h4_scale25_noexamples_stop5/04_model_mix_alpha_neutral/N8/all_gpt_4o/seed_0009,b76a47400a725a670d58de1ed33ab38f2faf9594eba2605365f998f06f1585b5,99af77d8bb781c0fb350769f5367e4df46fb28d18ea9754e96a1788958fb6dd5
8,all_gpt_4o,seed_0010,1.0,1.0,Nigeria,True,1.0,0.0,correct_consensus,correct_consensus,1.0,0.0,Nigeria,results/flag_game/proposal_core_remaining_seeds7_w6_h4_scale25_noexamples_stop5/04_model_mix_alpha_neutral/N8/all_gpt_4o/seed_0010,06c5030230fd82babf611786721090f50df05f826ca47167153cbb8b1b513499,9217c1779263813a948f7233a6cc86cb492f490fcb6603055d1f09bccde1e3a4
8,all_gpt_4o,seed_0011,0.0,0.0,Bulgaria,False,0.0,0.0,polarization,polarization,0.75,0.25,Lithuania,results/flag_game/original_population_unused_seeds_except_armenia_gpt4o_20261002_v1/trials/N8/all_gpt_4o/seed_0011,b2a0952b7c9fdf134c48fe26a31cfb65bc993d253602a6c3e2099c08eff9a870,33c5da1ee078e42af7c1e897bf9279c306f0deda37115fc49008ee351ec50387
8,all_gpt_4o,seed_0012,0.0,0.0,Austria,False,0.0,0.0,polarization,polarization,0.625,0.375,Luxembourg,results/flag_game/original_population_unused_seeds_except_armenia_gpt4o_20261002_v1/trials/N8/all_gpt_4o/seed_0012,9699307f8a373176911149e8772d4e8668cb020a12963dd8f12223112506b7a0,0222a0ba095d5265a4f0cc1d4f2a4c7d086c589df037ceeadb5a92afd45f5b28
8,all_gpt_4o,seed_0013,0.125,0.25,Ukraine,False,0.0,0.125,polarization,polarization,0.625,0.25,Gabon,results/flag_game/proposal_core_remaining_seeds7_w6_h4_scale25_noexamples_stop5/04_model_mix_alpha_neutral/N8/all_gpt_4o/seed_0013,02889e6e9ec4139d92c15e01529afdfe23e72bb0240b329db5cc7badfc3d29bf,281b2dbf1f1fc61ffbd709e45d20a3dec6dcc2266c12dba71a55ac6f7f30ea09
8,all_gpt_4o,seed_0014,0.75,1.0,Bulgaria,True,1.0,0.25,correct_consensus,correct_consensus,1.0,0.0,Bulgaria,results/flag_game/proposal_core_remaining_seeds7_w6_h4_scale25_noexamples_stop5/04_model_mix_alpha_neutral/N8/all_gpt_4o/seed_0014,1554f7f0039bed435daca804dde367d620e272a9fe29b1655f33064fc4916c06,04f2c21a4128394887c36cb51223a73308fe1aa910360e38e9a7e0e8455c6cf1
8,all_gpt_4o,seed_0015,0.5,1.0,Estonia,True,1.0,0.5,correct_consensus,correct_consensus,1.0,0.0,Estonia,results/flag_game/proposal_core_remaining_seeds7_w6_h4_scale25_noexamples_stop5/04_model_mix_alpha_neutral/N8/all_gpt_4o/seed_0015,7074a1682f9fb8604043a0b731b68dde15b9e5f4c4e352b9ac63923053381ca5,944e19e535247276a7f608e60cdc074ac0b3ca911d80b281bac7bf91dafd7e73
8,all_gpt_4o,seed_0016,0.0,0.0,Austria,False,0.0,0.0,wrong_consensus,wrong_consensus,1.0,0.0,Hungary,results/flag_game/original_population_unused_seeds_except_armenia_gpt4o_20261002_v1/trials/N8/all_gpt_4o/seed_0016,4fff015b4fd1375476b5af8443b4f3b184d81526a64d27c4526f9889554946dd,824a1bf77ffabeef3053c2fc5638e0383891fb828a2b701c667c3d1887c49450
8,all_gpt_4o,seed_0017,0.25,0.625,Mali,True,1.0,0.375,polarization,polarization,0.625,0.375,Mali,results/flag_game/original_population_unused_seeds_except_armenia_gpt4o_20261002_v1/trials/N8/all_gpt_4o/seed_0017,3393e7c6ffe2dff3ed105b57af4d23b65d394317086132df6eb0641016cfec89,6ac120ee1c570f1cc880ed34838d390a575f8b4b6681af69fbd4231d18e3dbbd
8,all_gpt_4o,seed_0018,0.125,0.25,Nigeria,False,0.0,0.125,polarization,polarization,0.75,0.25,Cote d'Ivoire,results/flag_game/proposal_core_remaining_seeds7_w6_h4_scale25_noexamples_stop5/04_model_mix_alpha_neutral/N8/all_gpt_4o/seed_0018,296b64765353eb17f0d3319ab5f6bff7e1ead83c368f159f0d91e655bd2b22ab,9e4f1550dfa039bdbb941efe143dd6b49c38a41badeb6a575c98230f942d5b45
8,all_gpt_4o,seed_0019,0.0,0.0,Nigeria,False,0.0,0.0,polarization,polarization,0.625,0.375,Sierra Leone,results/flag_game/original_population_unused_seeds_except_armenia_gpt4o_20261002_v1/trials/N8/all_gpt_4o/seed_0019,fa7565bd368b1c4bfc16df846e9cba36473a82704d6c1905ff7c147ee2e63efe,e567ba4ad77637b247c311c2d8927bcd1b13f15edc17e70a2687798c38623c52
8,all_gpt_4o,seed_0020,0.25,0.25,Estonia,False,0.0,0.0,polarization,polarization,0.75,0.25,Yemen,results/flag_game/proposal_core_remaining_seeds7_w6_h4_scale25_noexamples_stop5/04_model_mix_alpha_neutral/N8/all_gpt_4o/seed_0020,205d02dcbbe77c0129fc00cf71861b44751d3156b491b392f20b5aa7b1f27e68,f910740501a0c1c8f547563cfcce37615d13aad8df4bf8cbd0e7f333fcc7e819
8,all_gpt_4o,seed_0021,0.25,0.5,,False,0.0,0.25,polarization,polarization,0.5,0.5,Cote d'Ivoire,results/flag_game/original_population_unused_seeds_except_armenia_gpt4o_20261002_v1/trials/N8/all_gpt_4o/seed_0021,080394cab0c7497ad8a60880f1f455c03e93bd800d2bcc228838932b0026b52f,c51d571414dd63770e9605229e2ece968f3982a58f10bdbe41523a5d7cbe068c
8,all_gpt_4o,seed_0022,0.875,1.0,Chad,True,1.0,0.125,correct_consensus,correct_consensus,1.0,0.0,Chad,results/flag_game/original_population_unused_seeds_except_armenia_gpt4o_20261002_v1/trials/N8/all_gpt_4o/seed_0022,0f87cbb36406af3c0995267ae0bb5ee9c783bcde5f2ecf2be8e8395110b92178,85e16752bb98d386ccae469c6e9397c94c7906f5425bbd3ff77c1e76b845f13e
8,all_gpt_4o,seed_0023,0.125,0.375,Yemen,False,0.0,0.25,polarization,polarization,0.625,0.375,Germany,results/flag_game/proposal_core_remaining_seeds7_w6_h4_scale25_noexamples_stop5/04_model_mix_alpha_neutral/N8/all_gpt_4o/seed_0023,a8bcc38a54d9849b96b9dda7416dae23123bb6ea026829bb2c10a2fe88f5c1dd,19f3c14caad94bbf95ec8e2842cc1e5ef19941c25335a8e2821e72d240a6fe69
8,all_gpt_4o,seed_0024,0.25,1.0,Ukraine,True,1.0,0.75,correct_consensus,correct_consensus,1.0,0.0,Ukraine,results/flag_game/proposal_core_remaining_seeds7_w6_h4_scale25_noexamples_stop5/04_model_mix_alpha_neutral/N8/all_gpt_4o/seed_0024,c2b8705b24264f27ab5324c7c33e95939659b97352dd2123b97813d2f19fb4b1,3f1759f20f88505e285f9eb7bd057cd9413f63c7cb8bbfbf9441312c6f7565da
8,all_gpt_4o,seed_0025,0.0,0.0,Nigeria,False,0.0,0.0,polarization,polarization,0.625,0.375,Ireland,results/flag_game/original_population_unused_seeds_except_armenia_gpt4o_20261002_v1/trials/N8/all_gpt_4o/seed_0025,b524522946cc8bf03eb97024d030bd0fd86eae38adc3e1fbab27a8ab79600b6f,29ccc6386629b87827ae0ac0fb2ddf34b7a10a7eff38403bb80be9a39e42265a
8,all_gpt_4o,seed_0026,0.42857142857142855,1.0,Yemen,True,1.0,0.5714285714285714,correct_consensus,correct_consensus,1.0,0.0,Yemen,results/flag_game/original_population_unused_seeds_except_armenia_gpt4o_20261002_v1/trials/N8/all_gpt_4o/seed_0026,798384bdece5a2b1cf40a0d25f820acb5f969e2efd3b73e7fc698c09dd95c984,3d5b7e647cc0fb8c87adf9a2971c5afc9e6a709222feb5153e8777f90da4fb36
8,all_gpt_4o,seed_0027,0.375,1.0,Russia,True,1.0,0.625,correct_consensus,correct_consensus,1.0,0.0,Russia,results/flag_game/proposal_core_remaining_seeds7_w6_h4_scale25_noexamples_stop5/04_model_mix_alpha_neutral/N8/all_gpt_4o/seed_0027,02fa9b8f6a815184e14fe38e8357f9edf6de6ce6dd86bbdc91a58bf5f59a4267,c6e565b9e4b5bc325a8b318cb25c5798917e972a881da40bf07745e0d7664492
8,all_gpt_4o,seed_0028,0.625,1.0,Bulgaria,True,1.0,0.375,correct_consensus,correct_consensus,1.0,0.0,Bulgaria,results/flag_game/original_population_unused_seeds_except_armenia_gpt4o_20261002_v1/trials/N8/all_gpt_4o/seed_0028,b65fe1e535cca321991028f0e93525c751e9e08297ced5336353dc1816a5fa1c,45a1f12139938c5d4628c12a29ae00939b1612f389d26461e30d1230d2dda2d1
8,all_gpt_4o,seed_0029,0.0,0.0,Austria,False,0.0,0.0,polarization,polarization,0.625,0.375,Netherlands,results/flag_game/original_population_unused_seeds_except_armenia_gpt4o_20261002_v1/trials/N8/all_gpt_4o/seed_0029,876aefb8885ed189f01188fa3aceda25867ce88143312a44d6154caf873e79eb,4e148a89fcb64f67aa894de100bda76058260a58703d5686144102d72d252caa
8,all_gpt_4o,seed_0030,0.0,0.0,Russia,False,0.0,0.0,polarization,polarization,0.625,0.375,Netherlands,results/flag_game/original_population_unused_seeds_except_armenia_gpt4o_20261002_v1/trials/N8/all_gpt_4o/seed_0030,5e331976f536565be23e24f825bfef0a0560742af73ae21895bc9d07a4ba08ff,a80939b0539779d400d01b74d30f49ad922e49be39bdd06a571033666c44b172
8,all_gpt_4o,seed_0032,0.375,1.0,Belgium,True,1.0,0.625,correct_consensus,correct_consensus,1.0,0.0,Belgium,results/flag_game/proposal_core_remaining_seeds7_w6_h4_scale25_noexamples_stop5/04_model_mix_alpha_neutral/N8/all_gpt_4o/seed_0032,60f086fac86da51f0334d32b914b3a5ae340a87f298446690d977e8865397a45,11ad316dc439193687076ad00f963449ccfee3b295a35f680829333a38fa6b9a
8,all_gpt_4o,seed_0033,0.875,1.0,Nigeria,True,1.0,0.125,correct_consensus,correct_consensus,1.0,0.0,Nigeria,results/flag_game/proposal_core_remaining_seeds7_w6_h4_scale25_noexamples_stop5/04_model_mix_alpha_neutral/N8/all_gpt_4o/seed_0033,bec62b794d6053fae5350b09e16cde5114a32b5e42b0eb9d6a75b38d66b8a6b7,939b63183b03810eb0dc23c5c66209da52670cdbd352b98a7263d5f2ede986d1
8,all_gpt_4o,seed_0034,0.375,0.625,Mali,True,1.0,0.25,polarization,polarization,0.625,0.375,Mali,results/flag_game/proposal_core_remaining_seeds7_w6_h4_scale25_noexamples_stop5/04_model_mix_alpha_neutral/N8/all_gpt_4o/seed_0034,f31e6de21aa91c0b60d0b9f62418dcfa63d72cae4165ac6ba9b09b5c9e93a95b,1c01c486275755efa7f6402de8947cc0ebd0a9b4eaa7dbc92956fdd39f65e029
8,all_gpt_4o,seed_0035,0.0,0.0,Yemen,False,0.0,0.0,polarization,polarization,0.75,0.25,Netherlands,results/flag_game/proposal_core_remaining_seeds7_w6_h4_scale25_noexamples_stop5/04_model_mix_alpha_neutral/N8/all_gpt_4o/seed_0035,a917f7e6ca37e9f15847574d8555dd50166a8e11862b13994039883812c46474,64f085e1fd962386a0fef99fb1b45a4731f611dc669102c53445a18135bff3c2
8,all_gpt_4o,seed_0036,0.25,0.375,Mali,False,0.0,0.125,polarization,polarization,0.625,0.375,Guinea,results/flag_game/proposal_core_remaining_seeds7_w6_h4_scale25_noexamples_stop5/04_model_mix_alpha_neutral/N8/all_gpt_4o/seed_0036,2fee7127d7162245ee91352577436da842419e15001d9e5e6bf3d91ef28c5bad,aeb621ad090bb96bc330f5be476e26a1f6ab63ba89df21b6d5a29525717be7d8
8,all_gpt_4o,seed_0037,0.0,0.0,Russia,False,0.0,0.0,wrong_consensus,wrong_consensus,1.0,0.0,Sierra Leone,results/flag_game/proposal_core_remaining_seeds7_w6_h4_scale25_noexamples_stop5/04_model_mix_alpha_neutral/N8/all_gpt_4o/seed_0037,f3981cdb8ff8ad1ae87981e852117a78bc020f95b34e409729addee13d73c39c,70ac17a99b787d2489d21ce619300e031fcff7640c1e56871bed46da8253c163
8,all_gpt_4o,seed_0038,0.125,0.375,Armenia,False,0.0,0.25,polarization,polarization,0.625,0.375,Russia,results/flag_game/proposal_core_remaining_seeds7_w6_h4_scale25_noexamples_stop5/04_model_mix_alpha_neutral/N8/all_gpt_4o/seed_0038,1d5ac31feda876598ffc81baf35343401fe1df88d7a8d34853a9c2b16b2bfcbc,c617dbf42a121a41fadb7656959ae1721a9fc1bfd347e3a24f76e2b7328c1378
8,all_gpt_4o,seed_0039,0.75,1.0,Estonia,True,1.0,0.25,correct_consensus,correct_consensus,1.0,0.0,Estonia,results/flag_game/proposal_core_remaining_seeds7_w6_h4_scale25_noexamples_stop5/04_model_mix_alpha_neutral/N8/all_gpt_4o/seed_0039,8476716d9fff4007901b23fa234ba85e9c6cbdd23131749fe22d3869e5b40dc7,100fc82f357622c7eb9e997c445e78b4201a8d865d7f955bdae1a1d0af1c0fb4
8,all_gpt_4o,seed_0040,0.25,0.0,Bulgaria,False,0.0,-0.25,polarization,polarization,0.625,0.375,Lithuania,results/flag_game/proposal_core_remaining_seeds7_w6_h4_scale25_noexamples_stop5/04_model_mix_alpha_neutral/N8/all_gpt_4o/seed_0040,d3bb27d69458c9f94bfa0bab4d2b05fa06aebbb45ad8171997e2f852f5428ab6,eae313f16d6c9996ab852d66163a982731372d4da186b3a6ad00c697f703dbb8
8,all_gpt_4o,seed_0041,0.0,0.0,Nigeria,False,0.0,0.0,wrong_consensus,fragmentation,0.875,0.125,Ireland,results/flag_game/proposal_core_remaining_seeds7_w6_h4_scale25_noexamples_stop5/04_model_mix_alpha_neutral/N8/all_gpt_4o/seed_0041,ce06ed714bf8fe2167d2ff5081743e97b8376cc86a5772f8ffebca6aa1ba8955,447de18c982bc8740c3cc6753d98acb3fe0381e7f7ac9f8c95c23ffe95dedf0c
16,all_gpt_4o,seed_0001,0.75,1.0,Chad,True,1.0,0.25,correct_consensus,correct_consensus,1.0,0.0,Chad,results/flag_game/proposal_core_remaining_seeds7_w6_h4_scale25_noexamples_stop5/04_model_mix_alpha_neutral/N16/all_gpt_4o/seed_0001,0fce25a4c44d30423ca3a4aa15934039b3f3d7b74d238979edf290a7b536d531,83a149f68b2a0cb1723e0a9459e737c946a27421aef42521117f66c9ba93de49
16,all_gpt_4o,seed_0002,0.625,1.0,Austria,True,1.0,0.375,correct_consensus,correct_consensus,1.0,0.0,Austria,results/flag_game/proposal_core_remaining_seeds7_w6_h4_scale25_noexamples_stop5/04_model_mix_alpha_neutral/N16/all_gpt_4o/seed_0002,5cffc054de2aac59f37e888d710cc8aa3613f3d85ed01db81fa9359993f936af,6b5bef841040232fbb18cef9c1371e3a9b32d010a3435523e5465ee872a87ec6
16,all_gpt_4o,seed_0003,0.125,1.0,France,True,1.0,0.875,correct_consensus,correct_consensus,1.0,0.0,France,results/flag_game/proposal_core_remaining_seeds7_w6_h4_scale25_noexamples_stop5/04_model_mix_alpha_neutral/N16/all_gpt_4o/seed_0003,21668b241500810dd3af28ccd1ac57d2f48ac28230031ac018e111659e933adc,edbef1386cbd12441f76316afdb0048cbe59bcd0281e971ac5a7b334fbc2c0ee
16,all_gpt_4o,seed_0004,0.25,1.0,France,True,1.0,0.75,correct_consensus,correct_consensus,1.0,0.0,France,results/flag_game/proposal_core_remaining_seeds7_w6_h4_scale25_noexamples_stop5/04_model_mix_alpha_neutral/N16/all_gpt_4o/seed_0004,4c3fbd5cb75ae891d68f6ad2293d26e902bc145a7c3059f6b31889cd329e8c94,79d9cd75b3739822e6477ac54a00f2e2c1764c4ee08ef719a5b53188b3f09a9b
16,all_gpt_4o,seed_0005,0.5625,1.0,Peru,True,1.0,0.4375,correct_consensus,correct_consensus,1.0,0.0,Peru,results/flag_game/proposal_core_remaining_seeds7_w6_h4_scale25_noexamples_stop5/04_model_mix_alpha_neutral/N16/all_gpt_4o/seed_0005,dfdfdfb5cad14c4ec763a92bacb0b802ddafed2ecbbb32050513ecaca00a77dc,d9ab584fb9f8e9e8efe9f63f2c09d711d26e03f92b3e4a86165ca52477064561
16,all_gpt_4o,seed_0006,1.0,1.0,Nigeria,True,1.0,0.0,correct_consensus,correct_consensus,1.0,0.0,Nigeria,results/flag_game/proposal_core_remaining_seeds7_w6_h4_scale25_noexamples_stop5/04_model_mix_alpha_neutral/N16/all_gpt_4o/seed_0006,e55f4b8f7e7e77df10844c24e6350ede2bdb74e30ca6745db5c37f49beb9d617,abd60f81d108bc1b0c7c01fe4614e365924c9c6cb454aab7fddb0940fe9043b4
16,all_gpt_4o,seed_0007,0.1875,1.0,Guinea,True,1.0,0.8125,correct_consensus,correct_consensus,1.0,0.0,Guinea,results/flag_game/proposal_core_remaining_seeds7_w6_h4_scale25_noexamples_stop5/04_model_mix_alpha_neutral/N16/all_gpt_4o/seed_0007,ea6c482fd860ed0af6c893b877e37efd36c35e5263429158c7bc3ff6ed47d49a,fc152904b65f3c8de30cdbcbe912f27b085015bc326f707a27ae9e15dbee2053
16,all_gpt_4o,seed_0008,0.0625,0.3125,Peru,False,0.0,0.25,polarization,polarization,0.6875,0.3125,France,results/flag_game/proposal_core_remaining_seeds7_w6_h4_scale25_noexamples_stop5/04_model_mix_alpha_neutral/N16/all_gpt_4o/seed_0008,4948e0126e2c8cce2e8f50dd00826906b734bd2b9633d437edd3fed99757bcb8,a9e34b819c3d8261607872a4edaabfce4dc31577c13c0e5389afe030dc74e9bf
16,all_gpt_4o,seed_0009,0.25,0.625,Lithuania,True,1.0,0.375,polarization,polarization,0.625,0.375,Lithuania,results/flag_game/proposal_core_remaining_seeds7_w6_h4_scale25_noexamples_stop5/04_model_mix_alpha_neutral/N16/all_gpt_4o/seed_0009,75b8d8a3084a83c2b5d030ab4ac9b407354c759060708a613635c8aeca657429,2af6e5e54cd53e3856db9b42acd1509b9e5e26e026cd97c9a5dc1302bcde9c30
16,all_gpt_4o,seed_0010,0.9375,1.0,Nigeria,True,1.0,0.0625,correct_consensus,correct_consensus,1.0,0.0,Nigeria,results/flag_game/proposal_core_remaining_seeds7_w6_h4_scale25_noexamples_stop5/04_model_mix_alpha_neutral/N16/all_gpt_4o/seed_0010,968765b676639151b3555813b1a6a1d479b5b09f672cba5da5f4c1a3b9c3397a,0fdd13061fbbf389c3c8d832e01debc692f4c20e345662f60211ad33e13ac729
16,all_gpt_4o,seed_0011,0.125,0.125,Bulgaria,False,0.0,0.0,fragmentation,fragmentation,0.75,0.125,Lithuania,results/flag_game/original_population_unused_seeds_except_armenia_gpt4o_20261002_v1/trials/N16/all_gpt_4o/seed_0011,21a3225dc5e01a9a720b19c5dff549d80e36f0f0a46a946215e4c13c95862b44,90bc4e8e8f5aec76dc52bcbbb36286db3512ffebbaa9bdedb506302fa8546ea3
16,all_gpt_4o,seed_0012,0.0,0.0,Ukraine,False,0.0,0.0,polarization,polarization,0.5625,0.4375,Luxembourg,results/flag_game/original_population_unused_seeds_except_armenia_gpt4o_20261002_v1/trials/N16/all_gpt_4o/seed_0012,1499cc5c48cede0da84e61df0d110c618606cdf1250c1104f66298bd6c62c6cc,0ee09b7b4abad37d4c1aeca0fcb59df710889e9438208d0a4d8d082be82c0506
16,all_gpt_4o,seed_0013,0.1875,0.3125,Ukraine,False,0.0,0.125,polarization,polarization,0.6875,0.3125,Gabon,results/flag_game/proposal_core_remaining_seeds7_w6_h4_scale25_noexamples_stop5/04_model_mix_alpha_neutral/N16/all_gpt_4o/seed_0013,4145dc7e732e4d52dad73458be6f68b0c7652842d1e0372ce2d58d95ae657295,f72c75757173db499db817d4ee4f35bc8ba15cf3a93dccb04412a851498b4d1a
16,all_gpt_4o,seed_0014,0.8125,1.0,Bulgaria,True,1.0,0.1875,correct_consensus,correct_consensus,1.0,0.0,Bulgaria,results/flag_game/proposal_core_remaining_seeds7_w6_h4_scale25_noexamples_stop5/04_model_mix_alpha_neutral/N16/all_gpt_4o/seed_0014,137c5d6bd8738b08b51ac2a6ebc1519aaa7597c79937ffb67891762366525634,9c812ebb9f100ce0be019a77393ef58c2602f23af2729ea9631d04d893051d95
16,all_gpt_4o,seed_0015,0.1875,1.0,Estonia,True,1.0,0.8125,correct_consensus,correct_consensus,1.0,0.0,Estonia,results/flag_game/proposal_core_remaining_seeds7_w6_h4_scale25_noexamples_stop5/04_model_mix_alpha_neutral/N16/all_gpt_4o/seed_0015,bbfd9d7495502272eb9a127250fa2647326719df70aa4f99d59a0b00dccdcf9e,1a0048253c2f79a1f95d14413ba6f90b3bc3c72bdf570c66dd26871973c03a42
16,all_gpt_4o,seed_0016,0.0,0.0,Austria,False,0.0,0.0,polarization,polarization,0.75,0.25,Hungary,results/flag_game/original_population_unused_seeds_except_armenia_gpt4o_20261002_v1/trials/N16/all_gpt_4o/seed_0016,cc3a40980d141a0f9f9d25653fe734ee1783b472165b4b18d158f02e34c3a253,23d42389bbf2cbfb3a862257f0e3013401304d89cb879213ecdf7fce4a42e309
16,all_gpt_4o,seed_0017,0.375,0.5625,Mali,True,1.0,0.1875,polarization,polarization,0.5625,0.4375,Mali,results/flag_game/original_population_unused_seeds_except_armenia_gpt4o_20261002_v1/trials/N16/all_gpt_4o/seed_0017,ab0ee935703e23bb684c060c38f1577d3c5bee06b2aa5c537a0902a03eb8b5d2,395ff7ac1f8cb88e2248b507b36eb1e08db1e430059b999966b1634bb574bcfd
16,all_gpt_4o,seed_0018,0.1875,0.125,Nigeria,False,0.0,-0.0625,fragmentation,fragmentation,0.8125,0.125,Cote d'Ivoire,results/flag_game/proposal_core_remaining_seeds7_w6_h4_scale25_noexamples_stop5/04_model_mix_alpha_neutral/N16/all_gpt_4o/seed_0018,42d09632f0763ebb4841c04e90adcb9a5767c6a2eb8066d7ddaab22252e46804,cb792d9d6ee8adb43e8fac1b542183d1434adb5b4191f25d1c8318f0b6ed6c5d
16,all_gpt_4o,seed_0019,0.0,0.0,Nigeria,False,0.0,0.0,polarization,polarization,0.625,0.375,Sierra Leone,results/flag_game/original_population_unused_seeds_except_armenia_gpt4o_20261002_v1/trials/N16/all_gpt_4o/seed_0019,a36f34ff3ab1c18f414741ffe1f8869ff31629cc671c9fc85dfd00be9694ce41,6433d8e99c73a0a77977474c0511ac2b3f9f883333c9ca11bd1ca1412b4608c1
16,all_gpt_4o,seed_0020,0.3125,0.6875,Yemen,True,1.0,0.375,polarization,polarization,0.6875,0.3125,Yemen,results/flag_game/proposal_core_remaining_seeds7_w6_h4_scale25_noexamples_stop5/04_model_mix_alpha_neutral/N16/all_gpt_4o/seed_0020,7f8d357f0b927ccf9ec19eb6597092dfab13cb6ac89c9dd687472cd6f6d7f10a,96447b1058877721225c316006a713233c7b7f20b7d3fe94a0d34f0940d74092
16,all_gpt_4o,seed_0021,0.25,0.375,Nigeria,False,0.0,0.125,polarization,polarization,0.625,0.375,Cote d'Ivoire,results/flag_game/original_population_unused_seeds_except_armenia_gpt4o_20261002_v1/trials/N16/all_gpt_4o/seed_0021,d985244fbd8c05f207ef058527b18ee76e6f5577941de859e34c9f78a5bcbcfe,53e606510dd0df731b5995fc9cdbfbe4fe9b771fdf1723e7a54a78b315feaeb4
16,all_gpt_4o,seed_0022,0.875,1.0,Chad,True,1.0,0.125,correct_consensus,correct_consensus,1.0,0.0,Chad,results/flag_game/original_population_unused_seeds_except_armenia_gpt4o_20261002_v1/trials/N16/all_gpt_4o/seed_0022,69dfa5754a20cb508fe6455957c8900cad949efe96e7e1e3a8c8db03bb56a79c,4e0158d353c353f275fe123c61eec061cc6c8f5fd61be1d690c46d7e3d9d8172
16,all_gpt_4o,seed_0023,0.375,1.0,Germany,True,1.0,0.625,correct_consensus,correct_consensus,1.0,0.0,Germany,results/flag_game/proposal_core_remaining_seeds7_w6_h4_scale25_noexamples_stop5/04_model_mix_alpha_neutral/N16/all_gpt_4o/seed_0023,b3f30de5989b713a6643b9f0b061cf479948512419c6ed1ad5dc836a1678c2c0,31307ecf7eeba151b1460302e09af1d77f62180bff89b17db705212a66e310a7
16,all_gpt_4o,seed_0024,0.125,0.125,Chad,False,0.0,0.0,wrong_consensus,fragmentation,0.875,0.125,Ukraine,results/flag_game/proposal_core_remaining_seeds7_w6_h4_scale25_noexamples_stop5/04_model_mix_alpha_neutral/N16/all_gpt_4o/seed_0024,9f9acae69e7315cfa46755bfc8f548fb7e556a9f16eaa69dd15fc3298a694168,2d13ae56f2c5ec7811a233a0d38dc70c44ee2269ea1216f5296cbeca74d14574
16,all_gpt_4o,seed_0025,0.0,0.0,Nigeria,False,0.0,0.0,fragmentation,fragmentation,0.8125,0.1875,Ireland,results/flag_game/original_population_unused_seeds_except_armenia_gpt4o_20261002_v1/trials/N16/all_gpt_4o/seed_0025,b8d820abc80e23a843bf336e12fbc7442acc89dd14ed87125049c00e24293dc4,1de83d4e89617237242c37c402e79a82e6aee5b64020166c6e10f960405efc69
16,all_gpt_4o,seed_0026,0.25,0.4375,Estonia,False,0.0,0.1875,polarization,polarization,0.5625,0.4375,Yemen,results/flag_game/original_population_unused_seeds_except_armenia_gpt4o_20261002_v1/trials/N16/all_gpt_4o/seed_0026,f0c1bd3c109033b35cd0dae65232e0fae6894d449d2a83b640ba8aed91d52422,7750685511b4cdf12423be25a569494b1250f335389a05e95a4df59195ac1043
16,all_gpt_4o,seed_0027,0.4375,1.0,Russia,True,1.0,0.5625,correct_consensus,correct_consensus,1.0,0.0,Russia,results/flag_game/proposal_core_remaining_seeds7_w6_h4_scale25_noexamples_stop5/04_model_mix_alpha_neutral/N16/all_gpt_4o/seed_0027,4e6e6c37294d34429ca57dc7c7873facbe6aba2c742a4771c4eea487f18289af,28eecdc8d67545afb13bbff0f6656ed72f639026c3e2c7a026ed5c3545b06085
16,all_gpt_4o,seed_0028,0.5,1.0,Bulgaria,True,1.0,0.5,correct_consensus,correct_consensus,1.0,0.0,Bulgaria,results/flag_game/original_population_unused_seeds_except_armenia_gpt4o_20261002_v1/trials/N16/all_gpt_4o/seed_0028,46bd328e7ff2526466919faeea3ae2447328f07a3f27ccc388d67f93ff343848,ed797043950bc9f18810f53b79e5120cb54fc8bec723f057de4d75453bbba205
16,all_gpt_4o,seed_0029,0.0,0.0,Austria,False,0.0,0.0,polarization,polarization,0.625,0.375,Netherlands,results/flag_game/original_population_unused_seeds_except_armenia_gpt4o_20261002_v1/trials/N16/all_gpt_4o/seed_0029,7317fa7ece37c67710280b57c411d943a3c680bb6ae9225dde821366f784448a,9239a8bea6071d41b6ba77581c28bb8a2195183ec029533db22a3a0232bfc0e0
16,all_gpt_4o,seed_0030,0.0,0.0,Austria,False,0.0,0.0,polarization,polarization,0.625,0.375,Netherlands,results/flag_game/original_population_unused_seeds_except_armenia_gpt4o_20261002_v1/trials/N16/all_gpt_4o/seed_0030,d9aefaa5488c6c37bb3dd60551d9c7d2e32639113aa60e5181fe0894c68e7b18,9b5f8311250294b7da0b063321e7dfb90eb316b298b1bfe9254a65bcc3d522d6
16,all_gpt_4o,seed_0032,0.375,1.0,Belgium,True,1.0,0.625,correct_consensus,correct_consensus,1.0,0.0,Belgium,results/flag_game/proposal_core_remaining_seeds7_w6_h4_scale25_noexamples_stop5/04_model_mix_alpha_neutral/N16/all_gpt_4o/seed_0032,e40c9e11a271d489767ec81b7594a01889bc06736c705c1350432b588b7830de,31e837aa7a68d826765b177e99a4ba3abb5219e70602d87ebc6ff943c3c3dec3
16,all_gpt_4o,seed_0033,0.9375,1.0,Nigeria,True,1.0,0.0625,correct_consensus,correct_consensus,1.0,0.0,Nigeria,results/flag_game/proposal_core_remaining_seeds7_w6_h4_scale25_noexamples_stop5/04_model_mix_alpha_neutral/N16/all_gpt_4o/seed_0033,d0fd02cbe167f1c976167035c7bae5a41d5d05b45508d5001199be5c8d86ec40,80f7445a6cd922ea8733468e0351913e12cb3e65e797f81fc5eac793f0318f7d
16,all_gpt_4o,seed_0034,0.25,0.3125,Guinea,False,0.0,0.0625,polarization,polarization,0.6875,0.3125,Mali,results/flag_game/proposal_core_remaining_seeds7_w6_h4_scale25_noexamples_stop5/04_model_mix_alpha_neutral/N16/all_gpt_4o/seed_0034,61dd003e34801f6bd62b576699cbb53d22389d792e9bf98c263e8fa73d9418a4,306448d7827629ea7d18dd26feb2c82c1e1685f40616b31ec664be826ce4da9a
16,all_gpt_4o,seed_0035,0.0,0.0,Austria,False,0.0,0.0,polarization,polarization,0.5,0.4375,Netherlands,results/flag_game/proposal_core_remaining_seeds7_w6_h4_scale25_noexamples_stop5/04_model_mix_alpha_neutral/N16/all_gpt_4o/seed_0035,bf07e0355196883caf8d9f72253f314103a15912fc5f1dae88743b93ef5cf7fc,20d8e31241c287d9a12f436a21587776e6d30868b33d1f091e65e3d0b2d70912
16,all_gpt_4o,seed_0036,0.0625,0.5,,False,0.0,0.4375,polarization,polarization,0.5,0.5,Guinea,results/flag_game/proposal_core_remaining_seeds7_w6_h4_scale25_noexamples_stop5/04_model_mix_alpha_neutral/N16/all_gpt_4o/seed_0036,cd881e0431e9508a9736af148de8c78181a5faa98eeb5a7a27ec0990873f5573,ae16daf3e94cb2e837f6e19f7c0d6486d718ae14835a8a666aa9ef83fd369945
16,all_gpt_4o,seed_0037,0.0,0.0,Russia,False,0.0,0.0,polarization,polarization,0.75,0.25,Sierra Leone,results/flag_game/proposal_core_remaining_seeds7_w6_h4_scale25_noexamples_stop5/04_model_mix_alpha_neutral/N16/all_gpt_4o/seed_0037,019c840181bbb5ee4bef8d292bfa76f99a2854372619fea086b70e43c2259fdd,e2b0b3fd3e757a94a2b334378da5e4e2702893b7b300c8ee486f6dbef738c69f
16,all_gpt_4o,seed_0038,0.375,1.0,Russia,True,1.0,0.625,correct_consensus,correct_consensus,1.0,0.0,Russia,results/flag_game/proposal_core_remaining_seeds7_w6_h4_scale25_noexamples_stop5/04_model_mix_alpha_neutral/N16/all_gpt_4o/seed_0038,cca1d98d5740d78c0337b68b0a9f20202a5b4fd62520542981e3d28874bdb25f,65720d13f8b844c4bc9909adfc903f26d4adbabc50c4b9a2d75892921cdf242a
16,all_gpt_4o,seed_0039,0.5625,1.0,Estonia,True,1.0,0.4375,correct_consensus,correct_consensus,1.0,0.0,Estonia,results/flag_game/proposal_core_remaining_seeds7_w6_h4_scale25_noexamples_stop5/04_model_mix_alpha_neutral/N16/all_gpt_4o/seed_0039,593d563412538c9d10aec55fc039a51239abbe9901ed273a21b4b59e7a6fed3e,8cce4c1844e63a9dcfd76e5449a37cf55ff8ceada300f4ccd4c9dcaa8ee6266b
16,all_gpt_4o,seed_0040,0.1875,0.4375,Bulgaria,False,0.0,0.25,polarization,polarization,0.5,0.4375,Lithuania,results/flag_game/proposal_core_remaining_seeds7_w6_h4_scale25_noexamples_stop5/04_model_mix_alpha_neutral/N16/all_gpt_4o/seed_0040,bdd8e29620e51cfef3dce6d550a279e7291faf94cdc88faac4a9857b2b432a6d,4ee05ece69b94cc5f293c6a0a7da15f9c18225516d6873e13543ff1dfe49d0f4
16,all_gpt_4o,seed_0041,0.0,0.125,Nigeria,False,0.0,0.125,fragmentation,fragmentation,0.6875,0.1875,Ireland,results/flag_game/proposal_core_remaining_seeds7_w6_h4_scale25_noexamples_stop5/04_model_mix_alpha_neutral/N16/all_gpt_4o/seed_0041,164fc93c369a2296493665cf85e2094660a8e269aec34378a6c450c5d439960d,dd260ee6f99dcf7ac88e0a18d80179b4db3108e190d432ee7e137c9042b8c275
32,all_gpt_4o,seed_0001,0.8125,1.0,Chad,True,1.0,0.1875,correct_consensus,correct_consensus,1.0,0.0,Chad,results/flag_game/proposal_core_remaining_seeds7_w6_h4_scale25_noexamples_stop5/04_model_mix_alpha_neutral/N32/all_gpt_4o/seed_0001,d4fdd9e4568202a835a590abca7639f04a9b96703ea306a4b2a077af1696a69c,053147df6d0eb08d9ac7ee490a219cd376382d28c6b820a1d24daf24c14e8d1a
32,all_gpt_4o,seed_0002,0.7419354838709677,1.0,Austria,True,1.0,0.25806451612903225,correct_consensus,correct_consensus,1.0,0.0,Austria,results/flag_game/proposal_core_remaining_seeds7_w6_h4_scale25_noexamples_stop5/04_model_mix_alpha_neutral/N32/all_gpt_4o/seed_0002,102b43fbc419a5d693153a0e01682f5a777e6473090baa506124b87831e6881f,3c8565137e2c9ca17956948da2900953e7ec0ff17b427e574bcce22e820dc921
32,all_gpt_4o,seed_0003,0.28125,0.65625,France,True,1.0,0.375,polarization,polarization,0.65625,0.34375,France,results/flag_game/proposal_core_remaining_seeds7_w6_h4_scale25_noexamples_stop5/04_model_mix_alpha_neutral/N32/all_gpt_4o/seed_0003,8c9451eed84e96798d52b5823c6fa88bf8364a46ffa7f4ab9ade2d14842b9d4e,320bc67e49fec10bab4a1ce47dc2200ef7ae0cb05fa0bf8316f402e15629b21a
32,all_gpt_4o,seed_0004,0.28125,1.0,France,True,1.0,0.71875,correct_consensus,correct_consensus,1.0,0.0,France,results/flag_game/proposal_core_remaining_seeds7_w6_h4_scale25_noexamples_stop5/04_model_mix_alpha_neutral/N32/all_gpt_4o/seed_0004,bdbcfe8754a926a6e9f2d85636d92bef421f129b87e698b58326f77a1b800972,b085826345cd59d9882544e2f20817e2791f8ca413c0811df9e73e4fd3121c03
32,all_gpt_4o,seed_0005,0.5,1.0,Peru,True,1.0,0.5,correct_consensus,correct_consensus,1.0,0.0,Peru,results/flag_game/proposal_core_remaining_seeds7_w6_h4_scale25_noexamples_stop5/04_model_mix_alpha_neutral/N32/all_gpt_4o/seed_0005,00d9b8bfe825a8ceab7529a1a893df32952204ff87984433a1eeaf6924076243,49273110abe75983c3802382a2ed67675c9afcfa9ca11342f6b274585ffe5d5d
32,all_gpt_4o,seed_0006,0.875,1.0,Nigeria,True,1.0,0.125,correct_consensus,correct_consensus,1.0,0.0,Nigeria,results/flag_game/proposal_core_remaining_seeds7_w6_h4_scale25_noexamples_stop5/04_model_mix_alpha_neutral/N32/all_gpt_4o/seed_0006,65e55a947e3979fdbb20d8fe4674e9dbac6540023ce796dfe98b8439cb46c1f9,f372b38e64a44700be3c73db4cd96e3c003de9a415dc5169453ed7f9047f7beb
32,all_gpt_4o,seed_0007,0.15625,0.34375,Mali,False,0.0,0.1875,polarization,polarization,0.65625,0.34375,Guinea,results/flag_game/proposal_core_remaining_seeds7_w6_h4_scale25_noexamples_stop5/04_model_mix_alpha_neutral/N32/all_gpt_4o/seed_0007,c0d62293c34a3ed762d3295373454d85460dad6a39fefdd58b7917dda8a01275,25c89ac8e5234446815aa0edfcd321a47f3ad0b56846efdfea910127f2e17f15
32,all_gpt_4o,seed_0008,0.1875,0.59375,France,True,1.0,0.40625,polarization,polarization,0.59375,0.40625,France,results/flag_game/proposal_core_remaining_seeds7_w6_h4_scale25_noexamples_stop5/04_model_mix_alpha_neutral/N32/all_gpt_4o/seed_0008,d37bc8d587e7cb250f89dba94aab12903805b6e51d0e583a16e0fcba4ad0b78c,f2c8fe687a233fe34a52da000c57dfab4ef0dbd420163d390bdd4b679404732a
32,all_gpt_4o,seed_0009,0.28125,0.5625,Lithuania,True,1.0,0.28125,polarization,polarization,0.5625,0.4375,Lithuania,results/flag_game/proposal_core_remaining_seeds7_w6_h4_scale25_noexamples_stop5/04_model_mix_alpha_neutral/N32/all_gpt_4o/seed_0009,e37481545870c43c78e65bad747f3661ef1cc439ed8c5a112604990fa7c27945,9555f3bda15137c7295daa13de1921324ed6edfe7ec4fa7b52a5de86bdf20cd3
32,all_gpt_4o,seed_0010,0.9375,1.0,Nigeria,True,1.0,0.0625,correct_consensus,correct_consensus,1.0,0.0,Nigeria,results/flag_game/proposal_core_remaining_seeds7_w6_h4_scale25_noexamples_stop5/04_model_mix_alpha_neutral/N32/all_gpt_4o/seed_0010,f89bf6830b118ebd4cca2400677bf9e9656342d2ea47b1b3887b33b17419ba14,3df0093f826aa00fff88716a0ebbe32efd0d8e6181f8ba4d481d39389cb985a5
32,all_gpt_4o,seed_0011,0.0625,0.21875,Bulgaria,False,0.0,0.15625,fragmentation,polarization,0.65625,0.21875,Lithuania,results/flag_game/original_population_unused_seeds_except_armenia_gpt4o_20261002_v1/trials/N32/all_gpt_4o/seed_0011,825791264a84b0543c71c03ea244bd908f505d67d5a00165adb9861f1d09b8b2,b46c7f811b3e61eef36bc2f292dd9a469e78b8bf31ff1f2c68bdd8c3ea14768b
32,all_gpt_4o,seed_0012,0.0,0.0,Austria,False,0.0,0.0,polarization,polarization,0.59375,0.25,Luxembourg,results/flag_game/original_population_unused_seeds_except_armenia_gpt4o_20261002_v1/trials/N32/all_gpt_4o/seed_0012,427a18ce510bc1526fe691a3509568ee7d7a7b5dd722d9e75490c162c245afec,40e7c70d18e3ff2b12c1c7a5130d62444cd86aff7c8a9952f780b9080c61dac9
32,all_gpt_4o,seed_0013,0.25,0.34375,Ukraine,False,0.0,0.09375,polarization,polarization,0.375,0.34375,Gabon,results/flag_game/proposal_core_remaining_seeds7_w6_h4_scale25_noexamples_stop5/04_model_mix_alpha_neutral/N32/all_gpt_4o/seed_0013,2f6066e730c29d39f6dad3dd6d7283a9402178e792e79d17c9fe05be8a61550d,d3aa12f201c343167c97e5fe13f4a490005283f511867f85038b979695b73654
32,all_gpt_4o,seed_0014,0.75,0.625,Bulgaria,True,1.0,-0.125,polarization,polarization,0.625,0.375,Bulgaria,results/flag_game/proposal_core_remaining_seeds7_w6_h4_scale25_noexamples_stop5/04_model_mix_alpha_neutral/N32/all_gpt_4o/seed_0014,55ea52c5dedc6e50ac35dfdb7f4d4c040517dc384cccf2669f1d20b41a6825d2,4397117610ff3a10e193d8074f285169e7141be791b547bca3d2ebfec84aebb3
32,all_gpt_4o,seed_0015,0.4375,1.0,Estonia,True,1.0,0.5625,correct_consensus,correct_consensus,1.0,0.0,Estonia,results/flag_game/proposal_core_remaining_seeds7_w6_h4_scale25_noexamples_stop5/04_model_mix_alpha_neutral/N32/all_gpt_4o/seed_0015,52f2e4ed14345fe9e724f5be2b08916dc7c7646311d78d7f472b85f9859911a9,df4c94fb0439a039a7d3a0c43464f2747932ec0d2c7fce613d198335b9054f9e
32,all_gpt_4o,seed_0016,0.0,0.0,Austria,False,0.0,0.0,polarization,polarization,0.625,0.375,Hungary,results/flag_game/original_population_unused_seeds_except_armenia_gpt4o_20261002_v1/trials/N32/all_gpt_4o/seed_0016,afbd0c2318970fc2fa61d9750494585172f1e7cfb6766af30536de0c08e7f590,1788e4fbf6e0b29d00216d89aba289218f92fb43b685ea2f904efd733ed55c6b
32,all_gpt_4o,seed_0017,0.34375,0.4375,Guinea,False,0.0,0.09375,polarization,polarization,0.5625,0.4375,Mali,results/flag_game/original_population_unused_seeds_except_armenia_gpt4o_20261002_v1/trials/N32/all_gpt_4o/seed_0017,abd4d4f1bb9099f0069c81cefe452e522e3865706c0503d7bda340bcfd036a20,fe1f881a144028e8b8662bc9c2c87dde79594ed85f88108f23567de42ca39ea2
32,all_gpt_4o,seed_0018,0.34375,0.53125,Cote d'Ivoire,True,1.0,0.1875,polarization,polarization,0.53125,0.46875,Cote d'Ivoire,results/flag_game/proposal_core_remaining_seeds7_w6_h4_scale25_noexamples_stop5/04_model_mix_alpha_neutral/N32/all_gpt_4o/seed_0018,8373f3bf9dd470b9ff02d146081f3a56059dec34fb2ba88a5576efb3f714e7ca,76a3ed0e2249d5d228707dfcc20f9dc85a9dbb254cf60b72b70693f6af1411cb
32,all_gpt_4o,seed_0019,0.0,0.0,Nigeria,False,0.0,0.0,polarization,polarization,0.53125,0.46875,Sierra Leone,results/flag_game/original_population_unused_seeds_except_armenia_gpt4o_20261002_v1/trials/N32/all_gpt_4o/seed_0019,6c5d018d0f0534656cacada89cde917d1b8115f845f643595f588cbedd67e5fd,5128714100512f13f6f2eff099bb5c5b6eec376f829bf43dc24f88d379c4cd1b
32,all_gpt_4o,seed_0020,0.21875,0.0,Estonia,False,0.0,-0.21875,polarization,polarization,0.53125,0.46875,Yemen,results/flag_game/proposal_core_remaining_seeds7_w6_h4_scale25_noexamples_stop5/04_model_mix_alpha_neutral/N32/all_gpt_4o/seed_0020,14c079cc4e51be2277ebb29f12e04761c963bc839d31b008b520768b8bd0c64e,f5fe6f3e098a6fe7d473a5a40ada367a630511ba4e23c392203e405a237ba845
32,all_gpt_4o,seed_0021,0.3125,0.40625,Nigeria,False,0.0,0.09375,polarization,polarization,0.59375,0.40625,Cote d'Ivoire,results/flag_game/original_population_unused_seeds_except_armenia_gpt4o_20261002_v1/trials/N32/all_gpt_4o/seed_0021,9e5af9343ee7cea183dadd82b9327a4dbb45c5d7cc6206c2f3dd4cd208a7d7ff,c7067a86cae12d75e69e3f22fcac104958ad6b5b1d068ec883b485c04947c60d
32,all_gpt_4o,seed_0022,0.75,0.84375,Chad,True,1.0,0.09375,fragmentation,fragmentation,0.84375,0.15625,Chad,results/flag_game/original_population_unused_seeds_except_armenia_gpt4o_20261002_v1/trials/N32/all_gpt_4o/seed_0022,2d49c8caa8e03a12f3008c568c974ea127f0538c8e49a87894aaae73b79d926c,5a13f900460eba36bb54c5fe08cfa33dbfb21fc1465fe6431a935832a533cc5a
32,all_gpt_4o,seed_0023,0.3125,1.0,Germany,True,1.0,0.6875,correct_consensus,correct_consensus,1.0,0.0,Germany,results/flag_game/proposal_core_remaining_seeds7_w6_h4_scale25_noexamples_stop5/04_model_mix_alpha_neutral/N32/all_gpt_4o/seed_0023,aca3efa919f5bdfa2f5fa214d0c9a446cedc9b287bcab0eccacdfbf743202aad,6bd5c6af829076a9080ceffb9148b80c84b6637a24e85e16bfcd13262947a3b4
32,all_gpt_4o,seed_0024,0.28125,1.0,Ukraine,True,1.0,0.71875,correct_consensus,correct_consensus,1.0,0.0,Ukraine,results/flag_game/proposal_core_remaining_seeds7_w6_h4_scale25_noexamples_stop5/04_model_mix_alpha_neutral/N32/all_gpt_4o/seed_0024,a92211823d00ee1f52b343c033bd6913095743d3d698c727d7a9e2ddbc6b082f,d81eebdb7572847fa3178f50a582c95ebcae3a17d156062b7153c9cdef735937
32,all_gpt_4o,seed_0025,0.0,0.0,Cote d'Ivoire,False,0.0,0.0,polarization,polarization,0.5625,0.4375,Ireland,results/flag_game/original_population_unused_seeds_except_armenia_gpt4o_20261002_v1/trials/N32/all_gpt_4o/seed_0025,9099cae33b022480ad7597e6b68ccc9bcddad363c06d44a560336de02fd58b72,2cfee200e4de472a127368b27e056f4ed94438faa2dd75426685f0884c808c79
32,all_gpt_4o,seed_0026,0.4,0.0,Estonia,False,0.0,-0.4,polarization,polarization,0.59375,0.40625,Yemen,results/flag_game/original_population_unused_seeds_except_armenia_gpt4o_20261002_v1/trials/N32/all_gpt_4o/seed_0026,e73432aac857f6e3ae0b016465ab58077fa8ee39f63b3d6ea5ef7f1bff1bd709,0a3c043538d11a9ed5116acd3569e6b7bc42cae6d3348d0b9e2f1283d5709262
32,all_gpt_4o,seed_0027,0.4375,1.0,Russia,True,1.0,0.5625,correct_consensus,correct_consensus,1.0,0.0,Russia,results/flag_game/proposal_core_remaining_seeds7_w6_h4_scale25_noexamples_stop5/04_model_mix_alpha_neutral/N32/all_gpt_4o/seed_0027,75ee3863937b6258af6fc04670d1a1da563f912784c276b5b16ea8fd8a4321fc,ff482e4b1496e4a575a355d1b6edb5da652572be7c034947115f7831d26c1a4f
32,all_gpt_4o,seed_0028,0.40625,0.96875,Bulgaria,True,1.0,0.5625,correct_consensus,correct_consensus,0.96875,0.03125,Bulgaria,results/flag_game/original_population_unused_seeds_except_armenia_gpt4o_20261002_v1/trials/N32/all_gpt_4o/seed_0028,52b8ecadc9cfc86cc306c495a94aac487c4848f26f84bc8348243a6791ebc5e3,60fb9ee840a63fd223701cb0b90736ea763fe17acc02691be7818361e4ad1498
32,all_gpt_4o,seed_0029,0.0,0.0,Austria,False,0.0,0.0,polarization,polarization,0.53125,0.25,Netherlands,results/flag_game/original_population_unused_seeds_except_armenia_gpt4o_20261002_v1/trials/N32/all_gpt_4o/seed_0029,54d2f01253d1a2b686d9f82b4a041eba40dfb44f05ac27bfaff869bdf5e152a8,c2034e84ebd55c1602df36caaff6e6e6047a475f34c2611f5f32181c212f7329
32,all_gpt_4o,seed_0030,0.0,0.0,Austria,False,0.0,0.0,polarization,polarization,0.53125,0.46875,Netherlands,results/flag_game/original_population_unused_seeds_except_armenia_gpt4o_20261002_v1/trials/N32/all_gpt_4o/seed_0030,a9295cd4d2ee09af7380937cc6f24fc6284840ef35eb9b67860c9bcb011a1c19,37156080d9b19df1b66dcea0cb1cb2bee378bc0d7156924fcc67c6aa08ab77b5
32,all_gpt_4o,seed_0032,0.3125,0.9375,Belgium,True,1.0,0.625,correct_consensus,correct_consensus,0.9375,0.0625,Belgium,results/flag_game/proposal_core_remaining_seeds7_w6_h4_scale25_noexamples_stop5/04_model_mix_alpha_neutral/N32/all_gpt_4o/seed_0032,dba4cd1af8e33f1fb649d16bdd50b660af6c933b9fbd57994401f34a3945fee1,2789b2df636cf3367d0afe2b36554e38b804c67f6184424a93daf38fced7d08c
32,all_gpt_4o,seed_0033,0.875,1.0,Nigeria,True,1.0,0.125,correct_consensus,correct_consensus,1.0,0.0,Nigeria,results/flag_game/proposal_core_remaining_seeds7_w6_h4_scale25_noexamples_stop5/04_model_mix_alpha_neutral/N32/all_gpt_4o/seed_0033,6e01893f8e3b05e44c389e77853ebdda12723c773a16627e04c882897dd15421,cfba34ff84bfd5c7d53202bf24aa0592966b26a79fa4b4293856eacea9816c4b
32,all_gpt_4o,seed_0034,0.21875,0.40625,Mali,True,1.0,0.1875,polarization,polarization,0.40625,0.25,Mali,results/flag_game/proposal_core_remaining_seeds7_w6_h4_scale25_noexamples_stop5/04_model_mix_alpha_neutral/N32/all_gpt_4o/seed_0034,a36d810c076aafa79327fa46b5a98067d5aa924ea5351e50369d43988d83ba19,e89191f489e00acec486ce303306a3a76dd7787084024bd8bbce231f3be63d23
32,all_gpt_4o,seed_0035,0.0,0.0,Russia,False,0.0,0.0,polarization,polarization,0.65625,0.34375,Netherlands,results/flag_game/proposal_core_remaining_seeds7_w6_h4_scale25_noexamples_stop5/04_model_mix_alpha_neutral/N32/all_gpt_4o/seed_0035,915c475f689aae7b8ef0b28f409c0e916a88f36a1c1e2c52c3b906fe702c0d1a,a4136cc550e700a215d3b6cff860ec5eb22f801d43f7ce0ca13c11160be63347
32,all_gpt_4o,seed_0036,0.0625,1.0,Guinea,True,1.0,0.9375,correct_consensus,correct_consensus,1.0,0.0,Guinea,results/flag_game/proposal_core_remaining_seeds7_w6_h4_scale25_noexamples_stop5/04_model_mix_alpha_neutral/N32/all_gpt_4o/seed_0036,38dbe8e8f03a38f1eb161fd4b682fcd748de4af3c55ce8ec4c77bceaabfe7f02,f7d4b3cd3eb8f448a5dcd48ec264be8e6298f821f716b030987138882b5c4671
32,all_gpt_4o,seed_0037,0.0,0.0,Russia,False,0.0,0.0,polarization,polarization,0.625,0.3125,Sierra Leone,results/flag_game/proposal_core_remaining_seeds7_w6_h4_scale25_noexamples_stop5/04_model_mix_alpha_neutral/N32/all_gpt_4o/seed_0037,a7fd97d3a1260d50c1adb81443440c95d311f541dd2b50992ba2451c4b52348c,94e29cf56b8bb3ef56333da6f2896ae2c425798b1afadf5c17b664e711c37809
32,all_gpt_4o,seed_0038,0.46875,1.0,Russia,True,1.0,0.53125,correct_consensus,correct_consensus,1.0,0.0,Russia,results/flag_game/proposal_core_remaining_seeds7_w6_h4_scale25_noexamples_stop5/04_model_mix_alpha_neutral/N32/all_gpt_4o/seed_0038,18dd5bc2c87110b8ac99c910ec02c43107a19f2623dfbdb35bbe4598d08f22af,aeb7cc762fdc28b25377f473711460ba09e2a3d45018f5632d3a4dc7c515231d
32,all_gpt_4o,seed_0039,0.5,1.0,Estonia,True,1.0,0.5,correct_consensus,correct_consensus,1.0,0.0,Estonia,results/flag_game/proposal_core_remaining_seeds7_w6_h4_scale25_noexamples_stop5/04_model_mix_alpha_neutral/N32/all_gpt_4o/seed_0039,c60d376361473f0cd89f74ccaecf8aa43da0e27adcae5618f994b02f3ae8a87d,4d2645f98a9478c67d64823294fb6ea083b12f7b8b999d3c0e1c98bedd6bb90f
32,all_gpt_4o,seed_0040,0.1875,0.4375,Bulgaria,False,0.0,0.25,polarization,polarization,0.5625,0.4375,Lithuania,results/flag_game/proposal_core_remaining_seeds7_w6_h4_scale25_noexamples_stop5/04_model_mix_alpha_neutral/N32/all_gpt_4o/seed_0040,8241da6f0380c138e9df53a910be90d0d0063a6a01e912b95f94273032197982,0c690e69618bb9a7f969b1c5962160822e15bd3f1ab86d8ea8a27be75a8f5803
32,all_gpt_4o,seed_0041,0.0,0.0,Cote d'Ivoire,False,0.0,0.0,polarization,polarization,0.53125,0.46875,Ireland,results/flag_game/proposal_core_remaining_seeds7_w6_h4_scale25_noexamples_stop5/04_model_mix_alpha_neutral/N32/all_gpt_4o/seed_0041,9dc5e149d15fe539722d80f11c123e432bcd07e8acbfaa0465a15c244752c801,6a0a7b5770f427a92fc0a01e89a14753a7f52a236d6c5596a2e9b01ddc2d3b99
64,all_gpt_4o,seed_0001,0.84375,1.0,Chad,True,1.0,0.15625,correct_consensus,correct_consensus,1.0,0.0,Chad,results/flag_game/proposal_core_remaining_seeds7_w6_h4_scale25_noexamples_stop5/04_model_mix_alpha_neutral/N64/all_gpt_4o/seed_0001,bff959c81874affb40ae904769a5927096f31bcf9ecbb018fda08e8a67a2c56e,edfe1747cb595b653f1794e08ed079d0ea21c25386dc498143997f49aa5777f9
64,all_gpt_4o,seed_0002,0.640625,1.0,Austria,True,1.0,0.359375,correct_consensus,correct_consensus,1.0,0.0,Austria,results/flag_game/proposal_core_remaining_seeds7_w6_h4_scale25_noexamples_stop5/04_model_mix_alpha_neutral/N64/all_gpt_4o/seed_0002,9e2393b5f742520123dc58ef9719a91ff995cf32bbb684a4090f633ab8a43f9a,1ee303f67f5f01b88b9a7c08aea811f697d1cd3d455fd0ca423e663814c63196
64,all_gpt_4o,seed_0003,0.21875,0.609375,France,True,1.0,0.390625,polarization,polarization,0.609375,0.390625,France,results/flag_game/proposal_core_remaining_seeds7_w6_h4_scale25_noexamples_stop5/04_model_mix_alpha_neutral/N64/all_gpt_4o/seed_0003,b28aa0e8cd53d98b691b37ef16727d86ed2bf5a3b7cfc4857443b8e21d2d4289,4a1e2bba88bfad4891619b4b1ab4a4d3387d85bc59eef3d9da7c074a849c6a0b
64,all_gpt_4o,seed_0004,0.078125,0.890625,France,True,1.0,0.8125,correct_consensus,fragmentation,0.890625,0.109375,France,results/flag_game/proposal_core_remaining_seeds7_w6_h4_scale25_noexamples_stop5/04_model_mix_alpha_neutral/N64/all_gpt_4o/seed_0004,c3871ad2233d350fbdca084ac2a4e88d15985adf1e9789672828516d422bf0f6,aa43542c83b7cb2f59fd9fe2d42c63334f74dfcb4b58568db437b2c3ffe9de87
64,all_gpt_4o,seed_0005,0.515625,1.0,Peru,True,1.0,0.484375,correct_consensus,correct_consensus,1.0,0.0,Peru,results/flag_game/proposal_core_remaining_seeds7_w6_h4_scale25_noexamples_stop5/04_model_mix_alpha_neutral/N64/all_gpt_4o/seed_0005,b13f02f3686ab37f0003e81d5589b0ba1d056f2704b60f84c936a977279bc8ac,8697fba66c65281c1a57e960fdc0219ccb2403e985e0edaaed70a55702e350bd
64,all_gpt_4o,seed_0006,0.921875,1.0,Nigeria,True,1.0,0.078125,correct_consensus,correct_consensus,1.0,0.0,Nigeria,results/flag_game/proposal_core_remaining_seeds7_w6_h4_scale25_noexamples_stop5/04_model_mix_alpha_neutral/N64/all_gpt_4o/seed_0006,5bd352df1c8fd71c918e51e79e56aec8c85f8a6ceec74d7f83473d771e52fafb,235c4577dbd48b8dc8337fb2886a4f823b7fed4a718ab780c66952835f58ceed
64,all_gpt_4o,seed_0007,0.09375,0.375,Mali,False,0.0,0.28125,polarization,polarization,0.625,0.375,Guinea,results/flag_game/proposal_core_remaining_seeds7_w6_h4_scale25_noexamples_stop5/04_model_mix_alpha_neutral/N64/all_gpt_4o/seed_0007,d6469c8fa4b0beca3256479cb9b40ee89ffcb1e7e4c7232db776f6bbbd2c2461,49a02f1fde008de06a243a4276d5dc25458c58c720f2f231c010ebc4709fe579
64,all_gpt_4o,seed_0008,0.1875,0.578125,France,True,1.0,0.390625,polarization,polarization,0.578125,0.421875,France,results/flag_game/proposal_core_remaining_seeds7_w6_h4_scale25_noexamples_stop5/04_model_mix_alpha_neutral/N64/all_gpt_4o/seed_0008,447830a4937e33e226867a938ab9c6d69daec4de395c9985a1b98e26ce3a9511,360454d98f8457235dbc9aecbc4c27b7a527e34f143cd8796359aa03bf077eb1
64,all_gpt_4o,seed_0009,0.265625,0.609375,Lithuania,True,1.0,0.34375,polarization,polarization,0.609375,0.390625,Lithuania,results/flag_game/proposal_core_remaining_seeds7_w6_h4_scale25_noexamples_stop5/04_model_mix_alpha_neutral/N64/all_gpt_4o/seed_0009,e9204b42bc15e7565d3fdd6e014a5e3ff42afda5fc4c75a5496474b5c5239f75,896a52a1e89295b949152f57b282e7d094a84e380851c4761d683a853e0e445f
64,all_gpt_4o,seed_0010,1.0,1.0,Nigeria,True,1.0,0.0,correct_consensus,correct_consensus,1.0,0.0,Nigeria,results/flag_game/proposal_core_remaining_seeds7_w6_h4_scale25_noexamples_stop5/04_model_mix_alpha_neutral/N64/all_gpt_4o/seed_0010,ba4358067c58f46e0df597b2b08ccf7c6a5b5fc761a337d805e078d8a15f4c86,7afa3e066c4bb0a3de9f61eb335f2c0de472e9a8914d90ba85f4482be6b88b3d
64,all_gpt_4o,seed_0011,0.125,0.359375,Bulgaria,False,0.0,0.234375,polarization,polarization,0.625,0.359375,Lithuania,results/flag_game/original_population_unused_seeds_except_armenia_gpt4o_20261002_v1/trials/N64/all_gpt_4o/seed_0011,a3aae5a1b6b6f64369767b191393670cee8d7e8469d2970e9740f320f6107f3c,54febb83a0e08859daf84ce49d134c04b92da6a8280ba38db5ca77bf3a5dd753
64,all_gpt_4o,seed_0012,0.0,0.0,,False,0.0,0.0,polarization,polarization,0.5,0.5,Luxembourg,results/flag_game/original_population_unused_seeds_except_armenia_gpt4o_20261002_v1/trials/N64/all_gpt_4o/seed_0012,5c705e68571658210fd1bccfc4801a43afc51246231a5ae238779f3b3224701a,c3fc20de8d6041826bb5945b81c6b195ca95cedf57218dd3bcf062dde0613d55
64,all_gpt_4o,seed_0013,0.21875,0.3125,Ukraine,False,0.0,0.09375,polarization,polarization,0.609375,0.3125,Gabon,results/flag_game/proposal_core_remaining_seeds7_w6_h4_scale25_noexamples_stop5/04_model_mix_alpha_neutral/N64/all_gpt_4o/seed_0013,f97d026a31ac210b188d337d66c0b84a955f6c78ed516063977b3bc1f381f201,6e5419a827b02c5a0af1c214ae3b0860074f0b6614b49e427356abff822698d9
64,all_gpt_4o,seed_0014,0.625,1.0,Bulgaria,True,1.0,0.375,correct_consensus,correct_consensus,1.0,0.0,Bulgaria,results/flag_game/proposal_core_remaining_seeds7_w6_h4_scale25_noexamples_stop5/04_model_mix_alpha_neutral/N64/all_gpt_4o/seed_0014,74291eb312131ea249fffd9bfba0985bd96407b1c0bdb267bccdd6e7e736a97f,2f6d77e8f2eba5bd2850f939bca18f5fbbc94b6bf0b9a1567c97bbced0a3e5fa
64,all_gpt_4o,seed_0015,0.453125,1.0,Estonia,True,1.0,0.546875,correct_consensus,correct_consensus,1.0,0.0,Estonia,results/flag_game/proposal_core_remaining_seeds7_w6_h4_scale25_noexamples_stop5/04_model_mix_alpha_neutral/N64/all_gpt_4o/seed_0015,c53ab92e8ed3fc159ca769caa7d0efcd49b5d3b363f699de5bd971312b1ec279,633b57d43415c85f402f0013db9036246f1140fee5e64b776cb4a803cbb1f51b
64,all_gpt_4o,seed_0016,0.0,0.0,Austria,False,0.0,0.0,polarization,polarization,0.453125,0.4375,Hungary,results/flag_game/original_population_unused_seeds_except_armenia_gpt4o_20261002_v1/trials/N64/all_gpt_4o/seed_0016,5118332ab19d1cff092ea860e7b967a70a232304d8a12fddac37ceb03e62f79e,9b4401f95dd374989f516680cebc677786b1187a584ce8bc8ad4d896fddda647
64,all_gpt_4o,seed_0017,0.265625,0.53125,Mali,True,1.0,0.265625,polarization,polarization,0.53125,0.359375,Mali,results/flag_game/original_population_unused_seeds_except_armenia_gpt4o_20261002_v1/trials/N64/all_gpt_4o/seed_0017,081a886ecaafcbfa08bdf8b8ef608693369ce381aafe5592eb39093956ae2c7e,0f64975e1bd0d8210edf883cbb40087263f58c414fcfd23c8575490104b9f4b0
64,all_gpt_4o,seed_0018,0.3125,0.546875,Cote d'Ivoire,True,1.0,0.234375,polarization,polarization,0.546875,0.453125,Cote d'Ivoire,results/flag_game/proposal_core_remaining_seeds7_w6_h4_scale25_noexamples_stop5/04_model_mix_alpha_neutral/N64/all_gpt_4o/seed_0018,0bcb40133023ff6802f8fc9e711492eb3a54a99d56efaa81737b091b92d2bc5c,cbcd2ddc78a90191a45c4ee72428b8296dec36b840c7c97c427836e42cb7847e
64,all_gpt_4o,seed_0019,0.0,0.0,Nigeria,False,0.0,0.0,polarization,polarization,0.484375,0.40625,Sierra Leone,results/flag_game/original_population_unused_seeds_except_armenia_gpt4o_20261002_v1/trials/N64/all_gpt_4o/seed_0019,c29c9e8567952f8d67496f030de7900b286a4421c5e4a0c9cac03f4ff3d4f737,8c4e7d3f80655b561faa84bf49f4c865b3bc662de7192aaf155c19f3ac7db252
64,all_gpt_4o,seed_0020,0.265625,0.078125,Austria,False,0.0,-0.1875,wrong_consensus,wrong_consensus,0.921875,0.078125,Yemen,results/flag_game/proposal_core_remaining_seeds7_w6_h4_scale25_noexamples_stop5/04_model_mix_alpha_neutral/N64/all_gpt_4o/seed_0020,e5829616106fb80772fe9c3269c475feeaf335353aac6d96c80f8a083ec2de57,df63638f7c237d8ef3244264d731aafeeab8fe91a968adeeda95de63b0b99a28
64,all_gpt_4o,seed_0021,0.328125,0.515625,Cote d'Ivoire,True,1.0,0.1875,polarization,polarization,0.515625,0.484375,Cote d'Ivoire,results/flag_game/original_population_unused_seeds_except_armenia_gpt4o_20261002_v1/trials/N64/all_gpt_4o/seed_0021,94dcf5921e680d563714bbd17aa3fcdb9abec8f533cc20f020c82aa1861428f0,9ffa3962b852a049fe41e32bcfe3a20802782b5f89683ee57f2ceacd023a2516
64,all_gpt_4o,seed_0022,0.78125,1.0,Chad,True,1.0,0.21875,correct_consensus,correct_consensus,1.0,0.0,Chad,results/flag_game/original_population_unused_seeds_except_armenia_gpt4o_20261002_v1/trials/N64/all_gpt_4o/seed_0022,deddb23ab87c90db8c60eccf5dfd91bf5d13c40ffa4302f95feb9e3a1fe62254,683f4e2e14af386e89ddb6fd73e8a0dd980668e7c6154f3d52014cc54e969aa1
64,all_gpt_4o,seed_0023,0.421875,1.0,Germany,True,1.0,0.578125,correct_consensus,correct_consensus,1.0,0.0,Germany,results/flag_game/proposal_core_remaining_seeds7_w6_h4_scale25_noexamples_stop5/04_model_mix_alpha_neutral/N64/all_gpt_4o/seed_0023,1495c65f1ecb51ec2be21a907cbf16e1cf3ab2b2b61be2c5698ba35174ce76d7,fa50d93ee698771aff8beaed916382384e44613f90e59a767ebee370f4960561
64,all_gpt_4o,seed_0024,0.171875,0.09375,Chad,False,0.0,-0.078125,wrong_consensus,wrong_consensus,0.90625,0.09375,Ukraine,results/flag_game/proposal_core_remaining_seeds7_w6_h4_scale25_noexamples_stop5/04_model_mix_alpha_neutral/N64/all_gpt_4o/seed_0024,0d066fd327d659b8730f1d4d560b412ba7308b6b91c7868ac4ed7b526cae4c25,90fb689b35cb4aefd9c563293f69e49803a3d363e393e5e53e0c31b835275a2c
64,all_gpt_4o,seed_0025,0.0,0.0,,False,0.0,0.0,polarization,polarization,0.5,0.5,Ireland,results/flag_game/original_population_unused_seeds_except_armenia_gpt4o_20261002_v1/trials/N64/all_gpt_4o/seed_0025,857f2080814e4f35d3de2dd1588833e7224fc9bfd4282a2e0163244b347acc3f,5b06f1c0d190c97c1ec39f79fb5ee90c505b04c0a7ac799e4211710f77a22af2
64,all_gpt_4o,seed_0026,0.34375,0.0,Estonia,False,0.0,-0.34375,polarization,polarization,0.5625,0.4375,Yemen,results/flag_game/original_population_unused_seeds_except_armenia_gpt4o_20261002_v1/trials/N64/all_gpt_4o/seed_0026,d630cd06df2d77e3a7c684280d214088c781cd9906bcb8b1e567fcd3f2917e14,c32f26b1fcdcac590e351c5060a945031a649a2a931928adac231700f9935d41
64,all_gpt_4o,seed_0027,0.390625,1.0,Russia,True,1.0,0.609375,correct_consensus,correct_consensus,1.0,0.0,Russia,results/flag_game/proposal_core_remaining_seeds7_w6_h4_scale25_noexamples_stop5/04_model_mix_alpha_neutral/N64/all_gpt_4o/seed_0027,10e418ec606466db32996637ab545b761068f07921163638732b8d65addd501d,2140632e3dcfae84cd7c56e15eb575bdf634a4f0175339b14c95dc915c88ed8f
64,all_gpt_4o,seed_0028,0.484375,1.0,Bulgaria,True,1.0,0.515625,correct_consensus,correct_consensus,1.0,0.0,Bulgaria,results/flag_game/original_population_unused_seeds_except_armenia_gpt4o_20261002_v1/trials/N64/all_gpt_4o/seed_0028,83261595e1724a172d1601c8c3a44ce26570203e55717960db8f7f1d7bec6189,1d757b629c66cbb2d98c60be0ea96caf9e0cc6a2f2a87a2ae93a41045990ed3a
64,all_gpt_4o,seed_0029,0.0,0.0,Russia,False,0.0,0.0,polarization,polarization,0.5625,0.4375,Netherlands,results/flag_game/original_population_unused_seeds_except_armenia_gpt4o_20261002_v1/trials/N64/all_gpt_4o/seed_0029,4335bada9c18081f2f63f485dd4ed774249706110ff5d513a7a2ca2714fc4d44,f58c926c2e96e743d10dc27c3af1f1caa2344db80eae552e91a320e20159b1ce
64,all_gpt_4o,seed_0030,0.0,0.0,Russia,False,0.0,0.0,polarization,polarization,0.515625,0.4375,Netherlands,results/flag_game/original_population_unused_seeds_except_armenia_gpt4o_20261002_v1/trials/N64/all_gpt_4o/seed_0030,938d46f2f7a336abc4eb26e165671de081e7bc44d3bb9cb1a19fc0e75eccdc4e,b11d3d6af74090bfa8ef35610ffd6d92098ee8b0e79e48652263395cead95548
64,all_gpt_4o,seed_0032,0.328125,0.734375,Belgium,True,1.0,0.40625,polarization,polarization,0.734375,0.265625,Belgium,results/flag_game/proposal_core_remaining_seeds7_w6_h4_scale25_noexamples_stop5/04_model_mix_alpha_neutral/N64/all_gpt_4o/seed_0032,d7d0ceb0c227a8adc75c5b7c53a89f2fdf98a2e0673ffe432a8991e77adea494,76a3a24af400b20b636f6d8538309fc5ebcb1dd1a7af1a7c8af677b0c1a5dbe6
64,all_gpt_4o,seed_0033,0.96875,1.0,Nigeria,True,1.0,0.03125,correct_consensus,correct_consensus,1.0,0.0,Nigeria,results/flag_game/proposal_core_remaining_seeds7_w6_h4_scale25_noexamples_stop5/04_model_mix_alpha_neutral/N64/all_gpt_4o/seed_0033,bfe604e39724064feb77f9c704182342800304044fc8263ff6a005b9f7710073,bf0d4e5d6fe51e29ec73498ed2e99b36393563be3682214c8e860b2e0f159fcc
64,all_gpt_4o,seed_0034,0.3125,0.8125,Mali,True,1.0,0.5,fragmentation,fragmentation,0.8125,0.1875,Mali,results/flag_game/proposal_core_remaining_seeds7_w6_h4_scale25_noexamples_stop5/04_model_mix_alpha_neutral/N64/all_gpt_4o/seed_0034,08ed7fece0fbd211cbb43ca8d372dda144af7c9451b0bf725f4b0d1168fab026,91409917ef768876ec3412392f98e1a16de8aef786bf129afd08be2e4190bcfa
64,all_gpt_4o,seed_0035,0.0,0.0,Russia,False,0.0,0.0,polarization,polarization,0.53125,0.46875,Netherlands,results/flag_game/proposal_core_remaining_seeds7_w6_h4_scale25_noexamples_stop5/04_model_mix_alpha_neutral/N64/all_gpt_4o/seed_0035,ba9beda95bf450328be6b0aec33cd17bad76151fd29bec9b8a0741c098c9a13b,99babe8fbd817fc594b976dba07e2658242a337d767f63871d469e87137b43b3
64,all_gpt_4o,seed_0036,0.140625,0.46875,Mali,False,0.0,0.328125,polarization,polarization,0.53125,0.46875,Guinea,results/flag_game/proposal_core_remaining_seeds7_w6_h4_scale25_noexamples_stop5/04_model_mix_alpha_neutral/N64/all_gpt_4o/seed_0036,c8e092e8b258ba7b3e34cbf900090a90dd8ee2bbbadbb852976b9bbe8f6274a7,88c5bc2d179eb9b2238bf0135b2c5be4640a2b7ce6b17cf53f098243af2d443a
64,all_gpt_4o,seed_0037,0.0,0.0,Russia,False,0.0,0.0,fragmentation,polarization,0.5625,0.234375,Sierra Leone,results/flag_game/proposal_core_remaining_seeds7_w6_h4_scale25_noexamples_stop5/04_model_mix_alpha_neutral/N64/all_gpt_4o/seed_0037,a807cd330c0d08a4439d9255248b91828336ba3e6e0cc91d495a6f15094b0763,03886a4c04b2da38629948478a1121266853107be07b11e977b1434da6e34119
64,all_gpt_4o,seed_0038,0.359375,1.0,Russia,True,1.0,0.640625,correct_consensus,correct_consensus,1.0,0.0,Russia,results/flag_game/proposal_core_remaining_seeds7_w6_h4_scale25_noexamples_stop5/04_model_mix_alpha_neutral/N64/all_gpt_4o/seed_0038,d026dc3ad0eb4f2909e8a380a4b3ae9f5b3f8dfd93896a0c2d5ee506b8f1d346,7ecc76e49473c1ffff99762dc6bcd3dcd9344bfc3cf96b91b565dbc85b540118
64,all_gpt_4o,seed_0039,0.453125,1.0,Estonia,True,1.0,0.546875,correct_consensus,correct_consensus,1.0,0.0,Estonia,results/flag_game/proposal_core_remaining_seeds7_w6_h4_scale25_noexamples_stop5/04_model_mix_alpha_neutral/N64/all_gpt_4o/seed_0039,35059562361e746d0765597c25e1c24578c1dae798809d7f97c6f1d78c4acb45,f9546c6de9abbd91ab8cb9e75563e24e91d1f59fef8bacabf1d789407eb4e278
64,all_gpt_4o,seed_0040,0.328125,0.203125,Bulgaria,False,0.0,-0.125,polarization,polarization,0.5,0.296875,Lithuania,results/flag_game/proposal_core_remaining_seeds7_w6_h4_scale25_noexamples_stop5/04_model_mix_alpha_neutral/N64/all_gpt_4o/seed_0040,3b417e99fc424a927f3c2be7e6430a728cc04632e1d1c418c8621bf552b0b977,c74a05e6e5bfb742c54d7a0565d7fc6c3814c7d1132874ef58d6b3d7b7cc9e1c
64,all_gpt_4o,seed_0041,0.0,0.0,Cote d'Ivoire,False,0.0,0.0,polarization,polarization,0.53125,0.46875,Ireland,results/flag_game/proposal_core_remaining_seeds7_w6_h4_scale25_noexamples_stop5/04_model_mix_alpha_neutral/N64/all_gpt_4o/seed_0041,e54c1e0c2c631edd9dc1cebc210cab755aa94cbd39a6ac1c92e504bd72719729,b2e4ef487c0cfe60ff666998d255bf6a546a2e58689cf6f001e33582647c5371
128,all_gpt_4o,seed_0001,0.8125,1.0,Chad,True,1.0,0.1875,correct_consensus,correct_consensus,1.0,0.0,Chad,results/flag_game/proposal_core_remaining_seeds7_w6_h4_scale25_noexamples_stop5/04_model_mix_alpha_neutral/N128/all_gpt_4o/seed_0001,5f7c57748e2572299a3fa3188bb01187386b5d0daeee1b834bbe613234be8fed,81e6f74c2a44d8764dc38f58cd8bee85b49fdcab52eb712817d5ab8f4a1d0245
128,all_gpt_4o,seed_0002,0.5905511811023622,1.0,Austria,True,1.0,0.40944881889763785,correct_consensus,correct_consensus,1.0,0.0,Austria,results/flag_game/proposal_core_remaining_seeds7_w6_h4_scale25_noexamples_stop5/04_model_mix_alpha_neutral/N128/all_gpt_4o/seed_0002,03aebc1c183828662fb284d30b71d767dc41df160f0272681038dfbbc3c1be6f,1b326328890ad56d4000c989884bdfc908beb961710cf0d78402a771e7a26af8
128,all_gpt_4o,seed_0003,0.1875,0.5234375,France,True,1.0,0.3359375,polarization,polarization,0.5234375,0.4765625,France,results/flag_game/proposal_core_remaining_seeds7_w6_h4_scale25_noexamples_stop5/04_model_mix_alpha_neutral/N128/all_gpt_4o/seed_0003,63a9277ca86c835fe83e1ac3217081309a8265a74ddf2fb4a8b3ab12bce0f5e3,0d73b1c641be1452b5ed5d8077ecbc8d7a6570ccdeaec1710cc58db8dd4c86a0
128,all_gpt_4o,seed_0004,0.140625,0.640625,France,True,1.0,0.5,polarization,polarization,0.640625,0.359375,France,results/flag_game/proposal_core_remaining_seeds7_w6_h4_scale25_noexamples_stop5/04_model_mix_alpha_neutral/N128/all_gpt_4o/seed_0004,cac9a5eae0c323ebc9b42ddc372cf657b0597ea31b90c4a13037eeed7589d9d7,fe02d67e6b2b951825c7cb18f18fc8449e41419faab09f8005ff7d9ea626d4af
128,all_gpt_4o,seed_0005,0.46875,1.0,Peru,True,1.0,0.53125,correct_consensus,correct_consensus,1.0,0.0,Peru,results/flag_game/proposal_core_remaining_seeds7_w6_h4_scale25_noexamples_stop5/04_model_mix_alpha_neutral/N128/all_gpt_4o/seed_0005,de56e23a157fca819da1cf0e996d6ed47ffcc06a8a6be47f0adbb639fa8d545e,ca5616f463af9343bfbe75b9491e41313bd9efa9534975831ad45b25e4fd9352
128,all_gpt_4o,seed_0006,0.953125,1.0,Nigeria,True,1.0,0.046875,correct_consensus,correct_consensus,1.0,0.0,Nigeria,results/flag_game/proposal_core_remaining_seeds7_w6_h4_scale25_noexamples_stop5/04_model_mix_alpha_neutral/N128/all_gpt_4o/seed_0006,85de51ef14b5a9c109e801009d6a5ebb4c3c8cc98ffb4c150a28851c665a0e95,c494b7e51ab927f5f35712733a31ea2cb10617ecc244e6e3c99ed43b3282bfed
128,all_gpt_4o,seed_0007,0.125,0.4140625,Mali,False,0.0,0.2890625,polarization,polarization,0.5859375,0.4140625,Guinea,results/flag_game/proposal_core_remaining_seeds7_w6_h4_scale25_noexamples_stop5/04_model_mix_alpha_neutral/N128/all_gpt_4o/seed_0007,38bb0c171a1f0d962a750687d0cade853368c5c29d99f239449f94af851e50e1,9a993c8cdb2b5c89384e1bc59d66f51e57b6193ddfeeeecb427ddc37e1315396
128,all_gpt_4o,seed_0008,0.1640625,0.5234375,France,True,1.0,0.359375,polarization,polarization,0.5234375,0.46875,France,results/flag_game/proposal_core_remaining_seeds7_w6_h4_scale25_noexamples_stop5/04_model_mix_alpha_neutral/N128/all_gpt_4o/seed_0008,4585915812f9a02a7686b7ad244928944a342dd1e40581b8b5e25c992d2ae94e,9906242dfe35fb7fa485e94869674026db9ae8bd57a71d0b0ba77f903ced2512
128,all_gpt_4o,seed_0009,0.2421875,0.4140625,Bulgaria,False,0.0,0.171875,polarization,polarization,0.5234375,0.4140625,Lithuania,results/flag_game/proposal_core_remaining_seeds7_w6_h4_scale25_noexamples_stop5/04_model_mix_alpha_neutral/N128/all_gpt_4o/seed_0009,7abb23f12d2b2081d025bc44d79050889eb31d9f0a1636b4feb0f4b320f9753b,ffae17f09336558d606a4f5164c52b09599c0c48570e7a29c9bc6004113b869e
128,all_gpt_4o,seed_0010,0.96875,1.0,Nigeria,True,1.0,0.03125,correct_consensus,correct_consensus,1.0,0.0,Nigeria,results/flag_game/proposal_core_remaining_seeds7_w6_h4_scale25_noexamples_stop5/04_model_mix_alpha_neutral/N128/all_gpt_4o/seed_0010,7732c8a89bbc410e971f3f4c1bedf177adf685d9a3bacc0fed1c4cfa8e694699,2fe8b470efddb8578e0a87a5171088729edbfeebaf3adeac1ed32abdd0604205
128,all_gpt_4o,seed_0011,0.1484375,0.1953125,Bulgaria,False,0.0,0.046875,polarization,polarization,0.4375,0.25,Lithuania,results/flag_game/original_population_unused_seeds_except_armenia_gpt4o_20261002_v1/trials/N128/all_gpt_4o/seed_0011,de576d5cc28e10922746db190615fdf1377968448267377353dfa925ba96f614,bb3b969f7325b7df07213de16f5d5a5557bfd1581f6d6334439f24fd5a5fc4ce
128,all_gpt_4o,seed_0012,0.0,0.0,Austria,False,0.0,0.0,polarization,polarization,0.4921875,0.4375,Luxembourg,results/flag_game/original_population_unused_seeds_except_armenia_gpt4o_20261002_v1/trials/N128/all_gpt_4o/seed_0012,b9f55f0ed35d10dfcddcdc0e94d736f8822683b534a8d5c018a68aed900654ca,d2b2208aec7f59575afa99417135432c87f689b8a57735576b1c66703da2f95a
128,all_gpt_4o,seed_0013,0.125,0.3515625,Ukraine,False,0.0,0.2265625,polarization,polarization,0.6015625,0.3515625,Gabon,results/flag_game/proposal_core_remaining_seeds7_w6_h4_scale25_noexamples_stop5/04_model_mix_alpha_neutral/N128/all_gpt_4o/seed_0013,59c5763446f418629ff7ac002dbc735468f004131ffbe8548c2f09ecbaa66d59,b62157b38ab18b7d457ede34dbd31b2a7d82ff717165c27e5a7766389363fd3a
128,all_gpt_4o,seed_0014,0.4921875,1.0,Bulgaria,True,1.0,0.5078125,correct_consensus,correct_consensus,1.0,0.0,Bulgaria,results/flag_game/proposal_core_remaining_seeds7_w6_h4_scale25_noexamples_stop5/04_model_mix_alpha_neutral/N128/all_gpt_4o/seed_0014,1c87a2330fcc054da2216b03a82bac3fb3c9fca6c9f69da367590bb74853c5e5,f016d267a5a14d98b385263f025479e065d9497445cc26def6f64adb07225f20
128,all_gpt_4o,seed_0015,0.375,1.0,Estonia,True,1.0,0.625,correct_consensus,correct_consensus,1.0,0.0,Estonia,results/flag_game/proposal_core_remaining_seeds7_w6_h4_scale25_noexamples_stop5/04_model_mix_alpha_neutral/N128/all_gpt_4o/seed_0015,ec82b82b4c02f024c2c1d79999022fecae71151cc1a93808442579d621fc65fc,5c94a6cbe1e747908d57fcca34e1e7798b748f6eb4aec6b4ae352d87238546ad
128,all_gpt_4o,seed_0016,0.0,0.0,Austria,False,0.0,0.0,polarization,polarization,0.484375,0.40625,Hungary,results/flag_game/original_population_unused_seeds_except_armenia_gpt4o_20261002_v1/trials/N128/all_gpt_4o/seed_0016,ee29c8e827b3eb3b8889281ce4789c561292e0480611e168117290f240229d05,728956f1ef9ed7245786f727e84fdd7e56520d7770bd714f43857f7448878416
128,all_gpt_4o,seed_0017,0.2421875,0.5625,Mali,True,1.0,0.3203125,polarization,polarization,0.5625,0.4140625,Mali,results/flag_game/original_population_unused_seeds_except_armenia_gpt4o_20261002_v1/trials/N128/all_gpt_4o/seed_0017,dfd840d164c3a2b5b285dceafe3ed67f3920eaee3c69c8fd90419b2f1d63b30d,d1037559d2f81bf21525c9015470f67365775a98b9e6051089f21ae0db47c844
128,all_gpt_4o,seed_0018,0.3515625,0.5859375,Cote d'Ivoire,True,1.0,0.234375,polarization,polarization,0.5859375,0.4140625,Cote d'Ivoire,results/flag_game/proposal_core_remaining_seeds7_w6_h4_scale25_noexamples_stop5/04_model_mix_alpha_neutral/N128/all_gpt_4o/seed_0018,3ba661f3ba46eee6adbb3d8d8e8a218cc3d8566213852596774df28deb0b93c6,8578c0fa79198f4827f2003060a2274f421dae8ba62895ddc420eaab534b68af
128,all_gpt_4o,seed_0019,0.0,0.0,Russia,False,0.0,0.0,polarization,polarization,0.5078125,0.3359375,Sierra Leone,results/flag_game/original_population_unused_seeds_except_armenia_gpt4o_20261002_v1/trials/N128/all_gpt_4o/seed_0019,99cf85f1c65a88a7f34d86b979e1ba4ddc0c342de0396b8874ba56e060c4445c,db961be8ad8cf949b94dbe33d850d63d2d30eae7cdb8c1e40dc4e721b89798eb
128,all_gpt_4o,seed_0020,0.296875,0.0,Austria,False,0.0,-0.296875,polarization,polarization,0.5703125,0.4296875,Yemen,results/flag_game/proposal_core_remaining_seeds7_w6_h4_scale25_noexamples_stop5/04_model_mix_alpha_neutral/N128/all_gpt_4o/seed_0020,02f8dea7ecaea4187af06d99cb7e6117990d863b8336510bd2aa6f2b31824b5d,a89a7d6e2d9b6763b3ccaf45cf39faa4274bc4ae0e32606e6483fc4ff011d5bf
128,all_gpt_4o,seed_0021,0.3203125,0.5625,Cote d'Ivoire,True,1.0,0.2421875,polarization,polarization,0.5625,0.4375,Cote d'Ivoire,results/flag_game/original_population_unused_seeds_except_armenia_gpt4o_20261002_v1/trials/N128/all_gpt_4o/seed_0021,dce35c86a6742730e642112fabbd9105dd38554065571ddd6808adbe341d323f,02b28330785f86766d131c2cf2f06c219ea33075285ca7b3f7a61fbe71f359f6
128,all_gpt_4o,seed_0022,0.7734375,1.0,Chad,True,1.0,0.2265625,correct_consensus,correct_consensus,1.0,0.0,Chad,results/flag_game/original_population_unused_seeds_except_armenia_gpt4o_20261002_v1/trials/N128/all_gpt_4o/seed_0022,490822e089db7f666954b4e6829fb5e5c17b78473250f86c02cfbbdeb944e73f,5c98a25947b7d0e734d6eeb17f81e7988b173672a85d135d788b9bd8af28418a
128,all_gpt_4o,seed_0023,0.328125,1.0,Germany,True,1.0,0.671875,correct_consensus,correct_consensus,1.0,0.0,Germany,results/flag_game/proposal_core_remaining_seeds7_w6_h4_scale25_noexamples_stop5/04_model_mix_alpha_neutral/N128/all_gpt_4o/seed_0023,e06fc6845e7d47f984f08e219591b28f54396300b3c3c37e279b2aa441d231f0,afe8cd91a88e08fae785c916309cabb755ffdeba0efdb614cad64f38900d2250
128,all_gpt_4o,seed_0024,0.25,1.0,Ukraine,True,1.0,0.75,correct_consensus,correct_consensus,1.0,0.0,Ukraine,results/flag_game/proposal_core_remaining_seeds7_w6_h4_scale25_noexamples_stop5/04_model_mix_alpha_neutral/N128/all_gpt_4o/seed_0024,3d51d4bcb4be39ebf7e82429b92e5db7d988908fc843f8785df4725ba50b3743,e5998f320ea7da2d4bddb41975103cf052ffc57dbffb479ac66c2924a5d81622
128,all_gpt_4o,seed_0025,0.0,0.0,Cote d'Ivoire,False,0.0,0.0,polarization,polarization,0.5390625,0.4609375,Ireland,results/flag_game/original_population_unused_seeds_except_armenia_gpt4o_20261002_v1/trials/N128/all_gpt_4o/seed_0025,1f8e3bac3e603575c7d1492e1a36d0287f42c47a59d50db8983defdeb70b8ffe,2a4fd87c69abd6da7cec5ae9c06824ddf1708929dc6d602e7dce86c533ec4f7b
128,all_gpt_4o,seed_0026,0.265625,0.0,Austria,False,0.0,-0.265625,polarization,polarization,0.5390625,0.4609375,Yemen,results/flag_game/original_population_unused_seeds_except_armenia_gpt4o_20261002_v1/trials/N128/all_gpt_4o/seed_0026,f8921034bb47b05e946e72add1351feef0322e893d02cc0512ec5a7b09727ec0,6db5179078668a2b7dbabd7bb9a8aafd7044cdf8468a8b44cd78e63bebbbc6d9
128,all_gpt_4o,seed_0027,0.34375,0.9921875,Russia,True,1.0,0.6484375,correct_consensus,correct_consensus,0.9921875,0.0078125,Russia,results/flag_game/original_population_N128_missing_paper_seeds_20261002_v1/trials/N128/all_gpt_4o/seed_0027,5c8142aaaaa85646eb9c390360c79f18a02cd61b87225ade197bd57899b5e37f,f2bdad696a9e92f240c56aeed01a104cf0164a9172dc352e121605608077f8e9
128,all_gpt_4o,seed_0028,0.46875,1.0,Bulgaria,True,1.0,0.53125,correct_consensus,correct_consensus,1.0,0.0,Bulgaria,results/flag_game/original_population_unused_seeds_except_armenia_gpt4o_20261002_v1/trials/N128/all_gpt_4o/seed_0028,b73e669e03b67ef39c6a01d3735dd1d348fb3773a4b57d0f38fd36198eac1797,30a9c140cb6ecfbe53cc176171899419697b3542a3d08ece9d45901ad3851700
128,all_gpt_4o,seed_0029,0.0,0.0,Russia,False,0.0,0.0,polarization,polarization,0.5078125,0.4921875,Netherlands,results/flag_game/original_population_unused_seeds_except_armenia_gpt4o_20261002_v1/trials/N128/all_gpt_4o/seed_0029,c092b657262c933e3a0631fd50d7e4d9ac3965d10f9c136656b8da24d2d12c49,73ebd528fb0addec9204a18c7cbfb79cfa9d909f72fae8cb2b87613eebda1d7e
128,all_gpt_4o,seed_0030,0.0,0.0,Russia,False,0.0,0.0,polarization,polarization,0.5234375,0.4765625,Netherlands,results/flag_game/original_population_unused_seeds_except_armenia_gpt4o_20261002_v1/trials/N128/all_gpt_4o/seed_0030,0fb907aaf75c85d9fc973bf11ffbf2d1c3fe2df8d0f4aac27c389fc9f50e931e,f143a4662f0cc3dfa9b39a8ffaf56a711156b724cdefdbb38d1aa07613dd6562
128,all_gpt_4o,seed_0032,0.2890625,0.8046875,Belgium,True,1.0,0.515625,fragmentation,fragmentation,0.8046875,0.125,Belgium,results/flag_game/proposal_core_remaining_seeds7_w6_h4_scale25_noexamples_stop5/04_model_mix_alpha_neutral/N128/all_gpt_4o/seed_0032,debde10ca4c18142531e6cbb579b1138785640b3519bca0cf15e4951bcde714f,200812096ce86a98ae8635289d61d40f67b1ec544d6aa69966169e01f3875aaf
128,all_gpt_4o,seed_0033,0.9140625,1.0,Nigeria,True,1.0,0.0859375,correct_consensus,correct_consensus,1.0,0.0,Nigeria,results/flag_game/proposal_core_remaining_seeds7_w6_h4_scale25_noexamples_stop5/04_model_mix_alpha_neutral/N128/all_gpt_4o/seed_0033,b47e255262cf43eba90126fc62207d4175c26f0e05afbba62188c5be2c50709c,0b981cde7bc36d7dc8da873c96007046c592e35b6d5ce6ec72db8a3b8f08a030
128,all_gpt_4o,seed_0034,0.2734375,0.5859375,Mali,True,1.0,0.3125,polarization,polarization,0.5859375,0.40625,Mali,results/flag_game/proposal_core_remaining_seeds7_w6_h4_scale25_noexamples_stop5/04_model_mix_alpha_neutral/N128/all_gpt_4o/seed_0034,8e462193324583168ddb1949325e89e61869038784341582a2362da426492d6a,521c0cb1877cbda512fce81632f096ed69a1de69e2ed5e83d74f48913c734a60
128,all_gpt_4o,seed_0035,0.0,0.0,Russia,False,0.0,0.0,polarization,polarization,0.5390625,0.4609375,Netherlands,results/flag_game/proposal_core_remaining_seeds7_w6_h4_scale25_noexamples_stop5/04_model_mix_alpha_neutral/N128/all_gpt_4o/seed_0035,464f8e641e418049f85d4f125beef28c998ed51aa4d2ea6878dd0ca38c72f5d6,d8516fa62acbc1ae553fd57aa8061e33e2388397b7657642ccea549eb531fe59
128,all_gpt_4o,seed_0036,0.109375,0.546875,Guinea,True,1.0,0.4375,polarization,polarization,0.546875,0.453125,Guinea,results/flag_game/proposal_core_remaining_seeds7_w6_h4_scale25_noexamples_stop5/04_model_mix_alpha_neutral/N128/all_gpt_4o/seed_0036,4cdc1dc9d3ac0ac1e91f269421c092f3fb9e55a25da9f6637346dee824fcbf63,b5dda92af87c4dc55652452aea8260106ece764aaef8f01cecbfcfbf99b73346
128,all_gpt_4o,seed_0037,0.0,0.0,,False,0.0,0.0,polarization,polarization,0.5,0.5,Sierra Leone,results/flag_game/proposal_core_remaining_seeds7_w6_h4_scale25_noexamples_stop5/04_model_mix_alpha_neutral/N128/all_gpt_4o/seed_0037,78e0f8a2adfedb26ceb1b4bf65028cb9bd0315bce64dec6d0fc6229ec441ab4e,9b643769ff3f27f66c3d2d2827e53446fba2d131eabb61f87cd59f4338e5637d
128,all_gpt_4o,seed_0038,0.3828125,1.0,Russia,True,1.0,0.6171875,correct_consensus,correct_consensus,1.0,0.0,Russia,results/flag_game/proposal_core_remaining_seeds7_w6_h4_scale25_noexamples_stop5/04_model_mix_alpha_neutral/N128/all_gpt_4o/seed_0038,b68d843dfeb899eb908896152d59a88f4e63dd4a261da5ff6931cf1ae1106a82,4fe87144e9eee99a79e9d56faba76977ba6628d72e88f6d44c7eb65598e88487
128,all_gpt_4o,seed_0039,0.484375,1.0,Estonia,True,1.0,0.515625,correct_consensus,correct_consensus,1.0,0.0,Estonia,results/flag_game/proposal_core_remaining_seeds7_w6_h4_scale25_noexamples_stop5/04_model_mix_alpha_neutral/N128/all_gpt_4o/seed_0039,4e4f8629f0195cfe9db6a3189dc7d84e8ff212db82c948f2d6ba9230fa5a8d67,aad5669951c38c0a378f4f1ac2c4545cb44f57fd200ad769976a0a36b0b0ccf3
128,all_gpt_4o,seed_0040,0.21875,0.4375,Bulgaria,False,0.0,0.21875,polarization,polarization,0.5234375,0.4375,Lithuania,results/flag_game/proposal_core_remaining_seeds7_w6_h4_scale25_noexamples_stop5/04_model_mix_alpha_neutral/N128/all_gpt_4o/seed_0040,d8b9d97bf063fd2c2d830ef3868b40a79a1649ab31f659c196e720304b33117c,7513c3287b11c027d17cd7857109b497f067f7c49b4bdd5fe6370e123d8b4371
128,all_gpt_4o,seed_0041,0.0,0.0,Cote d'Ivoire,False,0.0,0.0,polarization,polarization,0.5390625,0.4609375,Ireland,results/flag_game/proposal_core_remaining_seeds7_w6_h4_scale25_noexamples_stop5/04_model_mix_alpha_neutral/N128/all_gpt_4o/seed_0041,b40eb7b7c8bc3bc9b2f44559ee960369c5a61979a5b957c2166cf8dd0c29a09b,db312411965c23a1e3d7494e5f686e260ecc9bdf6407345811d6f98aeb89089b
