condition,N,seeds,initial_mean,final_mean,final_ci_low,final_ci_high,final_vote_accuracy_rate,final_vote_accuracy_ci_low,final_vote_accuracy_ci_high,gain_mean,correct_consensus_rate,wrong_consensus_rate,polarization_rate,fragmentation_rate,correct_consensus_count,wrong_consensus_count,polarization_count,fragmentation_count
all_gpt_4o,4,40,0.275,0.4625,0.3125,0.61875,0.45,0.3,0.6,0.1875,0.425,0.3,0.275,0.0,17,12,11,0
all_gpt_4o,8,40,0.3482142857142857,0.54375,0.41242187500000005,0.675,0.5,0.35,0.65,0.19553571428571428,0.425,0.075,0.5,0.0,17,3,20,0
all_gpt_4o,16,40,0.3125,0.5765625,0.446875,0.70625,0.525,0.375,0.675,0.2640625,0.45,0.025,0.425,0.1,18,1,17,4
all_gpt_4o,32,40,0.3246421370967742,0.5578125,0.42734375,0.68515625,0.575,0.425,0.725,0.2331703629032258,0.4,0.0,0.55,0.05,16,0,22,2
all_gpt_4o,64,40,0.32109375,0.54296875,0.415234375,0.6671972656249999,0.575,0.425,0.725,0.221875,0.375,0.05,0.525,0.05,15,2,21,2
all_gpt_4o,128,40,0.3026544045275591,0.553515625,0.4296875,0.6779296875,0.6,0.45,0.75,0.2508612204724409,0.375,0.0,0.6,0.025,15,0,24,1
all_gpt_5_4,4,29,0.3879310344827586,0.4396551724137931,0.2672413793103448,0.6120689655172413,0.4482758620689655,0.27586206896551724,0.6206896551724138,0.05172413793103448,0.3793103448275862,0.4827586206896552,0.13793103448275862,0.0,11,14,4,0
all_gpt_5_4,8,29,0.3577586206896552,0.5905172413793104,0.43103448275862066,0.7413793103448276,0.6206896551724138,0.4482758620689655,0.7931034482758621,0.23275862068965517,0.4827586206896552,0.13793103448275862,0.3793103448275862,0.0,14,4,11,0
all_gpt_5_4,16,29,0.375,0.5905172413793104,0.4267241379310345,0.7478448275862069,0.6206896551724138,0.4482758620689655,0.7931034482758621,0.21551724137931033,0.4827586206896552,0.10344827586206896,0.3103448275862069,0.10344827586206896,14,3,9,3
all_gpt_5_4,32,29,0.3642241379310345,0.6012931034482759,0.44612068965517243,0.7521551724137931,0.5862068965517241,0.41379310344827586,0.7586206896551724,0.23706896551724138,0.4827586206896552,0.10344827586206896,0.3448275862068966,0.06896551724137931,14,3,10,2
all_gpt_5_4,64,29,0.3739224137931034,0.6082974137931034,0.44933997844827583,0.7640220905172411,0.5862068965517241,0.41379310344827586,0.7586206896551724,0.234375,0.5172413793103449,0.10344827586206896,0.27586206896551724,0.10344827586206896,15,3,8,3
all_gpt_5_4,128,26,0.3389423076923077,0.5853365384615384,0.41736778846153844,0.7466947115384616,0.5,0.3076923076923077,0.6923076923076923,0.24639423076923078,0.5,0.038461538461538464,0.34615384615384615,0.11538461538461539,13,1,9,3
