run_id,N,seed,seed_name,truth,accuracy,outcome,top_country,top_share,second_country,second_share,final_time,final_interactions_per_agent,substantial_countries,terminal_valid_count,terminal_invalid_count,stored_legacy_outcome,path
N4/all_gpt_4o/seed_0001,4,1,seed_0001,Chad,1.0,correct_consensus,Chad,1.0,Armenia,0.0,14,3.5,Chad,4,0,correct_consensus,results/flag_game/proposal_core_remaining_seeds7_w6_h4_scale25_noexamples_stop5/04_model_mix_alpha_neutral/N4/all_gpt_4o/seed_0001
N4/all_gpt_4o/seed_0002,4,2,seed_0002,Austria,1.0,correct_consensus,Austria,1.0,Armenia,0.0,16,4.0,Austria,4,0,correct_consensus,results/flag_game/proposal_core_remaining_seeds7_w6_h4_scale25_noexamples_stop5/04_model_mix_alpha_neutral/N4/all_gpt_4o/seed_0002
N4/all_gpt_4o/seed_0003,4,3,seed_0003,France,0.0,polarization,Peru,0.75,Guinea,0.25,80,20.0,Peru;Guinea,4,0,polarization,results/flag_game/proposal_core_remaining_seeds7_w6_h4_scale25_noexamples_stop5/04_model_mix_alpha_neutral/N4/all_gpt_4o/seed_0003
N4/all_gpt_4o/seed_0004,4,4,seed_0004,France,0.0,wrong_consensus,Chad,1.0,Armenia,0.0,36,9.0,Chad,4,0,wrong_consensus,results/flag_game/proposal_core_remaining_seeds7_w6_h4_scale25_noexamples_stop5/04_model_mix_alpha_neutral/N4/all_gpt_4o/seed_0004
N4/all_gpt_4o/seed_0005,4,5,seed_0005,Peru,1.0,correct_consensus,Peru,1.0,Armenia,0.0,12,3.0,Peru,4,0,correct_consensus,results/flag_game/proposal_core_remaining_seeds7_w6_h4_scale25_noexamples_stop5/04_model_mix_alpha_neutral/N4/all_gpt_4o/seed_0005
N4/all_gpt_4o/seed_0006,4,6,seed_0006,Nigeria,1.0,correct_consensus,Nigeria,1.0,Armenia,0.0,8,2.0,Nigeria,4,0,correct_consensus,results/flag_game/proposal_core_remaining_seeds7_w6_h4_scale25_noexamples_stop5/04_model_mix_alpha_neutral/N4/all_gpt_4o/seed_0006
N4/all_gpt_4o/seed_0007,4,7,seed_0007,Guinea,0.0,wrong_consensus,Mali,1.0,Armenia,0.0,16,4.0,Mali,4,0,wrong_consensus,results/flag_game/proposal_core_remaining_seeds7_w6_h4_scale25_noexamples_stop5/04_model_mix_alpha_neutral/N4/all_gpt_4o/seed_0007
N4/all_gpt_4o/seed_0008,4,8,seed_0008,France,1.0,correct_consensus,France,1.0,Armenia,0.0,22,5.5,France,4,0,correct_consensus,results/flag_game/proposal_core_remaining_seeds7_w6_h4_scale25_noexamples_stop5/04_model_mix_alpha_neutral/N4/all_gpt_4o/seed_0008
N4/all_gpt_4o/seed_0009,4,9,seed_0009,Lithuania,0.75,polarization,Lithuania,0.75,Bulgaria,0.25,80,20.0,Lithuania;Bulgaria,4,0,polarization,results/flag_game/proposal_core_remaining_seeds7_w6_h4_scale25_noexamples_stop5/04_model_mix_alpha_neutral/N4/all_gpt_4o/seed_0009
N4/all_gpt_4o/seed_0010,4,10,seed_0010,Nigeria,1.0,correct_consensus,Nigeria,1.0,Armenia,0.0,12,3.0,Nigeria,4,0,correct_consensus,results/flag_game/proposal_core_remaining_seeds7_w6_h4_scale25_noexamples_stop5/04_model_mix_alpha_neutral/N4/all_gpt_4o/seed_0010
N4/all_gpt_4o/seed_0013,4,13,seed_0013,Gabon,1.0,correct_consensus,Gabon,1.0,Armenia,0.0,60,15.0,Gabon,4,0,correct_consensus,results/flag_game/proposal_core_remaining_seeds7_w6_h4_scale25_noexamples_stop5/04_model_mix_alpha_neutral/N4/all_gpt_4o/seed_0013
N4/all_gpt_4o/seed_0014,4,14,seed_0014,Bulgaria,1.0,correct_consensus,Bulgaria,1.0,Armenia,0.0,8,2.0,Bulgaria,4,0,correct_consensus,results/flag_game/proposal_core_remaining_seeds7_w6_h4_scale25_noexamples_stop5/04_model_mix_alpha_neutral/N4/all_gpt_4o/seed_0014
N4/all_gpt_4o/seed_0015,4,15,seed_0015,Estonia,0.0,wrong_consensus,Chad,1.0,Armenia,0.0,40,10.0,Chad,4,0,wrong_consensus,results/flag_game/proposal_core_remaining_seeds7_w6_h4_scale25_noexamples_stop5/04_model_mix_alpha_neutral/N4/all_gpt_4o/seed_0015
N4/all_gpt_4o/seed_0018,4,18,seed_0018,Cote d'Ivoire,0.0,wrong_consensus,Nigeria,1.0,Armenia,0.0,38,9.5,Nigeria,4,0,wrong_consensus,results/flag_game/proposal_core_remaining_seeds7_w6_h4_scale25_noexamples_stop5/04_model_mix_alpha_neutral/N4/all_gpt_4o/seed_0018
N4/all_gpt_4o/seed_0020,4,20,seed_0020,Yemen,1.0,correct_consensus,Yemen,1.0,Armenia,0.0,14,3.5,Yemen,4,0,correct_consensus,results/flag_game/proposal_core_remaining_seeds7_w6_h4_scale25_noexamples_stop5/04_model_mix_alpha_neutral/N4/all_gpt_4o/seed_0020
N4/all_gpt_4o/seed_0023,4,23,seed_0023,Germany,1.0,correct_consensus,Germany,1.0,Armenia,0.0,12,3.0,Germany,4,0,correct_consensus,results/flag_game/proposal_core_remaining_seeds7_w6_h4_scale25_noexamples_stop5/04_model_mix_alpha_neutral/N4/all_gpt_4o/seed_0023
N4/all_gpt_4o/seed_0024,4,24,seed_0024,Ukraine,1.0,correct_consensus,Ukraine,1.0,Armenia,0.0,12,3.0,Ukraine,4,0,correct_consensus,results/flag_game/proposal_core_remaining_seeds7_w6_h4_scale25_noexamples_stop5/04_model_mix_alpha_neutral/N4/all_gpt_4o/seed_0024
N4/all_gpt_4o/seed_0027,4,27,seed_0027,Russia,1.0,correct_consensus,Russia,1.0,Armenia,0.0,28,7.0,Russia,4,0,correct_consensus,results/flag_game/proposal_core_remaining_seeds7_w6_h4_scale25_noexamples_stop5/04_model_mix_alpha_neutral/N4/all_gpt_4o/seed_0027
N4/all_gpt_4o/seed_0032,4,32,seed_0032,Belgium,0.0,polarization,Austria,0.5,Chad,0.5,80,20.0,Austria;Chad,4,0,polarization,results/flag_game/proposal_core_remaining_seeds7_w6_h4_scale25_noexamples_stop5/04_model_mix_alpha_neutral/N4/all_gpt_4o/seed_0032
N4/all_gpt_4o/seed_0033,4,33,seed_0033,Nigeria,1.0,correct_consensus,Nigeria,1.0,Armenia,0.0,14,3.5,Nigeria,4,0,correct_consensus,results/flag_game/proposal_core_remaining_seeds7_w6_h4_scale25_noexamples_stop5/04_model_mix_alpha_neutral/N4/all_gpt_4o/seed_0033
N4/all_gpt_4o/seed_0034,4,34,seed_0034,Mali,0.5,polarization,Guinea,0.5,Mali,0.5,80,20.0,Guinea;Mali,4,0,polarization,results/flag_game/proposal_core_remaining_seeds7_w6_h4_scale25_noexamples_stop5/04_model_mix_alpha_neutral/N4/all_gpt_4o/seed_0034
N4/all_gpt_4o/seed_0035,4,35,seed_0035,Netherlands,0.0,polarization,Russia,0.5,Yemen,0.5,80,20.0,Russia;Yemen,4,0,polarization,results/flag_game/proposal_core_remaining_seeds7_w6_h4_scale25_noexamples_stop5/04_model_mix_alpha_neutral/N4/all_gpt_4o/seed_0035
N4/all_gpt_4o/seed_0036,4,36,seed_0036,Guinea,0.0,wrong_consensus,Mali,1.0,Armenia,0.0,20,5.0,Mali,4,0,wrong_consensus,results/flag_game/proposal_core_remaining_seeds7_w6_h4_scale25_noexamples_stop5/04_model_mix_alpha_neutral/N4/all_gpt_4o/seed_0036
N4/all_gpt_4o/seed_0037,4,37,seed_0037,Sierra Leone,0.0,wrong_consensus,Russia,1.0,Armenia,0.0,48,12.0,Russia,4,0,wrong_consensus,results/flag_game/proposal_core_remaining_seeds7_w6_h4_scale25_noexamples_stop5/04_model_mix_alpha_neutral/N4/all_gpt_4o/seed_0037
N4/all_gpt_4o/seed_0038,4,38,seed_0038,Russia,1.0,correct_consensus,Russia,1.0,Armenia,0.0,28,7.0,Russia,4,0,correct_consensus,results/flag_game/proposal_core_remaining_seeds7_w6_h4_scale25_noexamples_stop5/04_model_mix_alpha_neutral/N4/all_gpt_4o/seed_0038
N4/all_gpt_4o/seed_0039,4,39,seed_0039,Estonia,1.0,correct_consensus,Estonia,1.0,Armenia,0.0,20,5.0,Estonia,4,0,correct_consensus,results/flag_game/proposal_core_remaining_seeds7_w6_h4_scale25_noexamples_stop5/04_model_mix_alpha_neutral/N4/all_gpt_4o/seed_0039
N4/all_gpt_4o/seed_0040,4,40,seed_0040,Lithuania,0.0,polarization,Bulgaria,0.75,Chad,0.25,80,20.0,Bulgaria;Chad,4,0,polarization,results/flag_game/proposal_core_remaining_seeds7_w6_h4_scale25_noexamples_stop5/04_model_mix_alpha_neutral/N4/all_gpt_4o/seed_0040
N4/all_gpt_4o/seed_0041,4,41,seed_0041,Ireland,0.0,wrong_consensus,Nigeria,1.0,Armenia,0.0,14,3.5,Nigeria,4,0,wrong_consensus,results/flag_game/proposal_core_remaining_seeds7_w6_h4_scale25_noexamples_stop5/04_model_mix_alpha_neutral/N4/all_gpt_4o/seed_0041
N4/all_gpt_4o/seed_0042,4,42,seed_0042,Russia,1.0,correct_consensus,Russia,1.0,Armenia,0.0,48,12.0,Russia,4,0,correct_consensus,results/flag_game/proposal_core_remaining_seeds7_w6_h4_scale25_noexamples_stop5/04_model_mix_alpha_neutral/N4/all_gpt_4o/seed_0042
N4/all_gpt_4o/seed_0043,4,43,seed_0043,Austria,1.0,correct_consensus,Austria,1.0,Armenia,0.0,18,4.5,Austria,4,0,correct_consensus,results/flag_game/proposal_core_remaining_seeds7_w6_h4_scale25_noexamples_stop5/04_model_mix_alpha_neutral/N4/all_gpt_4o/seed_0043
N4/all_gpt_4o/seed_0044,4,44,seed_0044,Italy,0.0,polarization,France,0.5,Nigeria,0.5,80,20.0,France;Nigeria,4,0,polarization,results/flag_game/proposal_core_remaining_seeds7_w6_h4_scale25_noexamples_stop5/04_model_mix_alpha_neutral/N4/all_gpt_4o/seed_0044
N4/all_gpt_4o/seed_0045,4,45,seed_0045,Gabon,1.0,correct_consensus,Gabon,1.0,Armenia,0.0,52,13.0,Gabon,4,0,correct_consensus,results/flag_game/proposal_core_remaining_seeds7_w6_h4_scale25_noexamples_stop5/04_model_mix_alpha_neutral/N4/all_gpt_4o/seed_0045
N4/all_gpt_4o/seed_0047,4,47,seed_0047,Hungary,0.25,polarization,Austria,0.75,Hungary,0.25,80,20.0,Austria;Hungary,4,0,polarization,results/flag_game/proposal_core_remaining_seeds7_w6_h4_scale25_noexamples_stop5/04_model_mix_alpha_neutral/N4/all_gpt_4o/seed_0047
N4/all_gpt_4o/seed_0048,4,48,seed_0048,Netherlands,0.0,wrong_consensus,Russia,1.0,Armenia,0.0,30,7.5,Russia,4,0,wrong_consensus,results/flag_game/proposal_core_remaining_seeds7_w6_h4_scale25_noexamples_stop5/04_model_mix_alpha_neutral/N4/all_gpt_4o/seed_0048
N4/all_gpt_4o/seed_0049,4,49,seed_0049,Belgium,0.0,wrong_consensus,Chad,1.0,Armenia,0.0,12,3.0,Chad,4,0,wrong_consensus,results/flag_game/proposal_core_remaining_seeds7_w6_h4_scale25_noexamples_stop5/04_model_mix_alpha_neutral/N4/all_gpt_4o/seed_0049
N4/all_gpt_4o/seed_0050,4,50,seed_0050,Luxembourg,0.0,polarization,Austria,0.5,Ukraine,0.5,80,20.0,Austria;Ukraine,4,0,polarization,results/flag_game/proposal_core_remaining_seeds7_w6_h4_scale25_noexamples_stop5/04_model_mix_alpha_neutral/N4/all_gpt_4o/seed_0050
N4/all_gpt_4o/seed_0051,4,51,seed_0051,France,1.0,correct_consensus,France,1.0,Armenia,0.0,22,5.5,France,4,0,correct_consensus,results/flag_game/proposal_core_remaining_seeds7_w6_h4_scale25_noexamples_stop5/04_model_mix_alpha_neutral/N4/all_gpt_4o/seed_0051
N4/all_gpt_4o/seed_0052,4,52,seed_0052,Gabon,0.0,wrong_consensus,Ukraine,1.0,Armenia,0.0,80,20.0,Ukraine,4,0,wrong_consensus,results/flag_game/proposal_core_remaining_seeds7_w6_h4_scale25_noexamples_stop5/04_model_mix_alpha_neutral/N4/all_gpt_4o/seed_0052
N8/all_gpt_4o/seed_0001,8,1,seed_0001,Chad,1.0,correct_consensus,Chad,1.0,Armenia,0.0,36,4.5,Chad,8,0,correct_consensus,results/flag_game/proposal_core_remaining_seeds7_w6_h4_scale25_noexamples_stop5/04_model_mix_alpha_neutral/N8/all_gpt_4o/seed_0001
N8/all_gpt_4o/seed_0002,8,2,seed_0002,Austria,1.0,correct_consensus,Austria,1.0,Armenia,0.0,32,4.0,Austria,8,0,correct_consensus,results/flag_game/proposal_core_remaining_seeds7_w6_h4_scale25_noexamples_stop5/04_model_mix_alpha_neutral/N8/all_gpt_4o/seed_0002
N8/all_gpt_4o/seed_0003,8,3,seed_0003,France,1.0,correct_consensus,France,1.0,Armenia,0.0,60,7.5,France,8,0,correct_consensus,results/flag_game/proposal_core_remaining_seeds7_w6_h4_scale25_noexamples_stop5/04_model_mix_alpha_neutral/N8/all_gpt_4o/seed_0003
N8/all_gpt_4o/seed_0004,8,4,seed_0004,France,1.0,correct_consensus,France,1.0,Armenia,0.0,100,12.5,France,8,0,correct_consensus,results/flag_game/proposal_core_remaining_seeds7_w6_h4_scale25_noexamples_stop5/04_model_mix_alpha_neutral/N8/all_gpt_4o/seed_0004
N8/all_gpt_4o/seed_0005,8,5,seed_0005,Peru,1.0,correct_consensus,Peru,1.0,Armenia,0.0,20,2.5,Peru,8,0,correct_consensus,results/flag_game/proposal_core_remaining_seeds7_w6_h4_scale25_noexamples_stop5/04_model_mix_alpha_neutral/N8/all_gpt_4o/seed_0005
N8/all_gpt_4o/seed_0006,8,6,seed_0006,Nigeria,1.0,correct_consensus,Nigeria,1.0,Armenia,0.0,64,8.0,Nigeria,8,0,correct_consensus,results/flag_game/proposal_core_remaining_seeds7_w6_h4_scale25_noexamples_stop5/04_model_mix_alpha_neutral/N8/all_gpt_4o/seed_0006
N8/all_gpt_4o/seed_0007,8,7,seed_0007,Guinea,0.5,polarization,Guinea,0.5,Mali,0.5,160,20.0,Guinea;Mali,8,0,polarization,results/flag_game/proposal_core_remaining_seeds7_w6_h4_scale25_noexamples_stop5/04_model_mix_alpha_neutral/N8/all_gpt_4o/seed_0007
N8/all_gpt_4o/seed_0008,8,8,seed_0008,France,0.0,polarization,Peru,0.75,Chad,0.25,160,20.0,Peru;Chad,8,0,polarization,results/flag_game/proposal_core_remaining_seeds7_w6_h4_scale25_noexamples_stop5/04_model_mix_alpha_neutral/N8/all_gpt_4o/seed_0008
N8/all_gpt_4o/seed_0009,8,9,seed_0009,Lithuania,0.625,polarization,Lithuania,0.625,Bulgaria,0.375,160,20.0,Lithuania;Bulgaria,8,0,polarization,results/flag_game/proposal_core_remaining_seeds7_w6_h4_scale25_noexamples_stop5/04_model_mix_alpha_neutral/N8/all_gpt_4o/seed_0009
N8/all_gpt_4o/seed_0010,8,10,seed_0010,Nigeria,1.0,correct_consensus,Nigeria,1.0,Armenia,0.0,16,2.0,Nigeria,8,0,correct_consensus,results/flag_game/proposal_core_remaining_seeds7_w6_h4_scale25_noexamples_stop5/04_model_mix_alpha_neutral/N8/all_gpt_4o/seed_0010
N8/all_gpt_4o/seed_0013,8,13,seed_0013,Gabon,0.25,polarization,Ukraine,0.625,Gabon,0.25,160,20.0,Ukraine;Gabon,8,0,polarization,results/flag_game/proposal_core_remaining_seeds7_w6_h4_scale25_noexamples_stop5/04_model_mix_alpha_neutral/N8/all_gpt_4o/seed_0013
N8/all_gpt_4o/seed_0014,8,14,seed_0014,Bulgaria,1.0,correct_consensus,Bulgaria,1.0,Armenia,0.0,68,8.5,Bulgaria,8,0,correct_consensus,results/flag_game/proposal_core_remaining_seeds7_w6_h4_scale25_noexamples_stop5/04_model_mix_alpha_neutral/N8/all_gpt_4o/seed_0014
N8/all_gpt_4o/seed_0015,8,15,seed_0015,Estonia,1.0,correct_consensus,Estonia,1.0,Armenia,0.0,56,7.0,Estonia,8,0,correct_consensus,results/flag_game/proposal_core_remaining_seeds7_w6_h4_scale25_noexamples_stop5/04_model_mix_alpha_neutral/N8/all_gpt_4o/seed_0015
N8/all_gpt_4o/seed_0018,8,18,seed_0018,Cote d'Ivoire,0.25,polarization,Nigeria,0.75,Cote d'Ivoire,0.25,160,20.0,Nigeria;Cote d'Ivoire,8,0,polarization,results/flag_game/proposal_core_remaining_seeds7_w6_h4_scale25_noexamples_stop5/04_model_mix_alpha_neutral/N8/all_gpt_4o/seed_0018
N8/all_gpt_4o/seed_0020,8,20,seed_0020,Yemen,0.25,polarization,Estonia,0.75,Yemen,0.25,160,20.0,Estonia;Yemen,8,0,polarization,results/flag_game/proposal_core_remaining_seeds7_w6_h4_scale25_noexamples_stop5/04_model_mix_alpha_neutral/N8/all_gpt_4o/seed_0020
N8/all_gpt_4o/seed_0023,8,23,seed_0023,Germany,0.375,polarization,Yemen,0.625,Germany,0.375,160,20.0,Yemen;Germany,8,0,polarization,results/flag_game/proposal_core_remaining_seeds7_w6_h4_scale25_noexamples_stop5/04_model_mix_alpha_neutral/N8/all_gpt_4o/seed_0023
N8/all_gpt_4o/seed_0024,8,24,seed_0024,Ukraine,1.0,correct_consensus,Ukraine,1.0,Armenia,0.0,80,10.0,Ukraine,8,0,correct_consensus,results/flag_game/proposal_core_remaining_seeds7_w6_h4_scale25_noexamples_stop5/04_model_mix_alpha_neutral/N8/all_gpt_4o/seed_0024
N8/all_gpt_4o/seed_0027,8,27,seed_0027,Russia,1.0,correct_consensus,Russia,1.0,Armenia,0.0,96,12.0,Russia,8,0,correct_consensus,results/flag_game/proposal_core_remaining_seeds7_w6_h4_scale25_noexamples_stop5/04_model_mix_alpha_neutral/N8/all_gpt_4o/seed_0027
N8/all_gpt_4o/seed_0032,8,32,seed_0032,Belgium,1.0,correct_consensus,Belgium,1.0,Armenia,0.0,120,15.0,Belgium,8,0,correct_consensus,results/flag_game/proposal_core_remaining_seeds7_w6_h4_scale25_noexamples_stop5/04_model_mix_alpha_neutral/N8/all_gpt_4o/seed_0032
N8/all_gpt_4o/seed_0033,8,33,seed_0033,Nigeria,1.0,correct_consensus,Nigeria,1.0,Armenia,0.0,24,3.0,Nigeria,8,0,correct_consensus,results/flag_game/proposal_core_remaining_seeds7_w6_h4_scale25_noexamples_stop5/04_model_mix_alpha_neutral/N8/all_gpt_4o/seed_0033
N8/all_gpt_4o/seed_0034,8,34,seed_0034,Mali,0.625,polarization,Mali,0.625,Guinea,0.375,160,20.0,Mali;Guinea,8,0,polarization,results/flag_game/proposal_core_remaining_seeds7_w6_h4_scale25_noexamples_stop5/04_model_mix_alpha_neutral/N8/all_gpt_4o/seed_0034
N8/all_gpt_4o/seed_0035,8,35,seed_0035,Netherlands,0.0,polarization,Yemen,0.75,Russia,0.25,160,20.0,Yemen;Russia,8,0,polarization,results/flag_game/proposal_core_remaining_seeds7_w6_h4_scale25_noexamples_stop5/04_model_mix_alpha_neutral/N8/all_gpt_4o/seed_0035
N8/all_gpt_4o/seed_0036,8,36,seed_0036,Guinea,0.375,polarization,Mali,0.625,Guinea,0.375,160,20.0,Mali;Guinea,8,0,polarization,results/flag_game/proposal_core_remaining_seeds7_w6_h4_scale25_noexamples_stop5/04_model_mix_alpha_neutral/N8/all_gpt_4o/seed_0036
N8/all_gpt_4o/seed_0037,8,37,seed_0037,Sierra Leone,0.0,wrong_consensus,Russia,1.0,Armenia,0.0,160,20.0,Russia,8,0,wrong_consensus,results/flag_game/proposal_core_remaining_seeds7_w6_h4_scale25_noexamples_stop5/04_model_mix_alpha_neutral/N8/all_gpt_4o/seed_0037
N8/all_gpt_4o/seed_0038,8,38,seed_0038,Russia,0.375,polarization,Armenia,0.625,Russia,0.375,160,20.0,Armenia;Russia,8,0,polarization,results/flag_game/proposal_core_remaining_seeds7_w6_h4_scale25_noexamples_stop5/04_model_mix_alpha_neutral/N8/all_gpt_4o/seed_0038
N8/all_gpt_4o/seed_0039,8,39,seed_0039,Estonia,1.0,correct_consensus,Estonia,1.0,Armenia,0.0,24,3.0,Estonia,8,0,correct_consensus,results/flag_game/proposal_core_remaining_seeds7_w6_h4_scale25_noexamples_stop5/04_model_mix_alpha_neutral/N8/all_gpt_4o/seed_0039
N8/all_gpt_4o/seed_0040,8,40,seed_0040,Lithuania,0.0,polarization,Bulgaria,0.625,Gabon,0.375,160,20.0,Bulgaria;Gabon,8,0,polarization,results/flag_game/proposal_core_remaining_seeds7_w6_h4_scale25_noexamples_stop5/04_model_mix_alpha_neutral/N8/all_gpt_4o/seed_0040
N8/all_gpt_4o/seed_0041,8,41,seed_0041,Ireland,0.0,wrong_consensus,Nigeria,0.875,Cote d'Ivoire,0.125,160,20.0,Nigeria,8,0,fragmentation,results/flag_game/proposal_core_remaining_seeds7_w6_h4_scale25_noexamples_stop5/04_model_mix_alpha_neutral/N8/all_gpt_4o/seed_0041
N8/all_gpt_4o/seed_0042,8,42,seed_0042,Russia,1.0,correct_consensus,Russia,1.0,Armenia,0.0,60,7.5,Russia,8,0,correct_consensus,results/flag_game/proposal_core_remaining_seeds7_w6_h4_scale25_noexamples_stop5/04_model_mix_alpha_neutral/N8/all_gpt_4o/seed_0042
N8/all_gpt_4o/seed_0043,8,43,seed_0043,Austria,1.0,correct_consensus,Austria,1.0,Armenia,0.0,36,4.5,Austria,8,0,correct_consensus,results/flag_game/proposal_core_remaining_seeds7_w6_h4_scale25_noexamples_stop5/04_model_mix_alpha_neutral/N8/all_gpt_4o/seed_0043
N8/all_gpt_4o/seed_0044,8,44,seed_0044,Italy,0.0,wrong_consensus,Nigeria,1.0,Armenia,0.0,88,11.0,Nigeria,8,0,wrong_consensus,results/flag_game/proposal_core_remaining_seeds7_w6_h4_scale25_noexamples_stop5/04_model_mix_alpha_neutral/N8/all_gpt_4o/seed_0044
N8/all_gpt_4o/seed_0045,8,45,seed_0045,Gabon,1.0,correct_consensus,Gabon,1.0,Armenia,0.0,68,8.5,Gabon,8,0,correct_consensus,results/flag_game/proposal_core_remaining_seeds7_w6_h4_scale25_noexamples_stop5/04_model_mix_alpha_neutral/N8/all_gpt_4o/seed_0045
N8/all_gpt_4o/seed_0047,8,47,seed_0047,Hungary,0.0,polarization,Austria,0.75,Nigeria,0.25,160,20.0,Austria;Nigeria,8,0,polarization,results/flag_game/proposal_core_remaining_seeds7_w6_h4_scale25_noexamples_stop5/04_model_mix_alpha_neutral/N8/all_gpt_4o/seed_0047
N8/all_gpt_4o/seed_0048,8,48,seed_0048,Netherlands,0.0,polarization,Russia,0.625,Yemen,0.375,160,20.0,Russia;Yemen,8,0,polarization,results/flag_game/proposal_core_remaining_seeds7_w6_h4_scale25_noexamples_stop5/04_model_mix_alpha_neutral/N8/all_gpt_4o/seed_0048
N8/all_gpt_4o/seed_0049,8,49,seed_0049,Belgium,0.25,polarization,Chad,0.75,Belgium,0.25,160,20.0,Chad;Belgium,8,0,polarization,results/flag_game/proposal_core_remaining_seeds7_w6_h4_scale25_noexamples_stop5/04_model_mix_alpha_neutral/N8/all_gpt_4o/seed_0049
N8/all_gpt_4o/seed_0050,8,50,seed_0050,Luxembourg,0.0,polarization,Sierra Leone,0.5,Yemen,0.5,160,20.0,Sierra Leone;Yemen,8,0,polarization,results/flag_game/proposal_core_remaining_seeds7_w6_h4_scale25_noexamples_stop5/04_model_mix_alpha_neutral/N8/all_gpt_4o/seed_0050
N8/all_gpt_4o/seed_0051,8,51,seed_0051,France,1.0,correct_consensus,France,1.0,Armenia,0.0,40,5.0,France,8,0,correct_consensus,results/flag_game/proposal_core_remaining_seeds7_w6_h4_scale25_noexamples_stop5/04_model_mix_alpha_neutral/N8/all_gpt_4o/seed_0051
N8/all_gpt_4o/seed_0052,8,52,seed_0052,Gabon,0.375,polarization,Gabon,0.375,Ukraine,0.375,160,20.0,Gabon;Ukraine;Chad,8,0,polarization,results/flag_game/proposal_core_remaining_seeds7_w6_h4_scale25_noexamples_stop5/04_model_mix_alpha_neutral/N8/all_gpt_4o/seed_0052
N16/all_gpt_4o/seed_0001,16,1,seed_0001,Chad,1.0,correct_consensus,Chad,1.0,Armenia,0.0,128,8.0,Chad,16,0,correct_consensus,results/flag_game/proposal_core_remaining_seeds7_w6_h4_scale25_noexamples_stop5/04_model_mix_alpha_neutral/N16/all_gpt_4o/seed_0001
N16/all_gpt_4o/seed_0002,16,2,seed_0002,Austria,1.0,correct_consensus,Austria,1.0,Armenia,0.0,104,6.5,Austria,16,0,correct_consensus,results/flag_game/proposal_core_remaining_seeds7_w6_h4_scale25_noexamples_stop5/04_model_mix_alpha_neutral/N16/all_gpt_4o/seed_0002
N16/all_gpt_4o/seed_0003,16,3,seed_0003,France,1.0,correct_consensus,France,1.0,Armenia,0.0,296,18.5,France,16,0,correct_consensus,results/flag_game/proposal_core_remaining_seeds7_w6_h4_scale25_noexamples_stop5/04_model_mix_alpha_neutral/N16/all_gpt_4o/seed_0003
N16/all_gpt_4o/seed_0004,16,4,seed_0004,France,1.0,correct_consensus,France,1.0,Armenia,0.0,312,19.5,France,16,0,correct_consensus,results/flag_game/proposal_core_remaining_seeds7_w6_h4_scale25_noexamples_stop5/04_model_mix_alpha_neutral/N16/all_gpt_4o/seed_0004
N16/all_gpt_4o/seed_0005,16,5,seed_0005,Peru,1.0,correct_consensus,Peru,1.0,Armenia,0.0,120,7.5,Peru,16,0,correct_consensus,results/flag_game/proposal_core_remaining_seeds7_w6_h4_scale25_noexamples_stop5/04_model_mix_alpha_neutral/N16/all_gpt_4o/seed_0005
N16/all_gpt_4o/seed_0006,16,6,seed_0006,Nigeria,1.0,correct_consensus,Nigeria,1.0,Armenia,0.0,56,3.5,Nigeria,16,0,correct_consensus,results/flag_game/proposal_core_remaining_seeds7_w6_h4_scale25_noexamples_stop5/04_model_mix_alpha_neutral/N16/all_gpt_4o/seed_0006
N16/all_gpt_4o/seed_0007,16,7,seed_0007,Guinea,1.0,correct_consensus,Guinea,1.0,Armenia,0.0,192,12.0,Guinea,16,0,correct_consensus,results/flag_game/proposal_core_remaining_seeds7_w6_h4_scale25_noexamples_stop5/04_model_mix_alpha_neutral/N16/all_gpt_4o/seed_0007
N16/all_gpt_4o/seed_0008,16,8,seed_0008,France,0.3125,polarization,Peru,0.6875,France,0.3125,384,24.0,Peru;France,16,0,polarization,results/flag_game/proposal_core_remaining_seeds7_w6_h4_scale25_noexamples_stop5/04_model_mix_alpha_neutral/N16/all_gpt_4o/seed_0008
N16/all_gpt_4o/seed_0009,16,9,seed_0009,Lithuania,0.625,polarization,Lithuania,0.625,Bulgaria,0.375,384,24.0,Lithuania;Bulgaria,16,0,polarization,results/flag_game/proposal_core_remaining_seeds7_w6_h4_scale25_noexamples_stop5/04_model_mix_alpha_neutral/N16/all_gpt_4o/seed_0009
N16/all_gpt_4o/seed_0010,16,10,seed_0010,Nigeria,1.0,correct_consensus,Nigeria,1.0,Armenia,0.0,88,5.5,Nigeria,16,0,correct_consensus,results/flag_game/proposal_core_remaining_seeds7_w6_h4_scale25_noexamples_stop5/04_model_mix_alpha_neutral/N16/all_gpt_4o/seed_0010
N16/all_gpt_4o/seed_0013,16,13,seed_0013,Gabon,0.3125,polarization,Ukraine,0.6875,Gabon,0.3125,384,24.0,Ukraine;Gabon,16,0,polarization,results/flag_game/proposal_core_remaining_seeds7_w6_h4_scale25_noexamples_stop5/04_model_mix_alpha_neutral/N16/all_gpt_4o/seed_0013
N16/all_gpt_4o/seed_0014,16,14,seed_0014,Bulgaria,1.0,correct_consensus,Bulgaria,1.0,Armenia,0.0,136,8.5,Bulgaria,16,0,correct_consensus,results/flag_game/proposal_core_remaining_seeds7_w6_h4_scale25_noexamples_stop5/04_model_mix_alpha_neutral/N16/all_gpt_4o/seed_0014
N16/all_gpt_4o/seed_0015,16,15,seed_0015,Estonia,1.0,correct_consensus,Estonia,1.0,Armenia,0.0,264,16.5,Estonia,16,0,correct_consensus,results/flag_game/proposal_core_remaining_seeds7_w6_h4_scale25_noexamples_stop5/04_model_mix_alpha_neutral/N16/all_gpt_4o/seed_0015
N16/all_gpt_4o/seed_0018,16,18,seed_0018,Cote d'Ivoire,0.125,fragmentation,Nigeria,0.8125,Cote d'Ivoire,0.125,384,24.0,Nigeria,16,0,fragmentation,results/flag_game/proposal_core_remaining_seeds7_w6_h4_scale25_noexamples_stop5/04_model_mix_alpha_neutral/N16/all_gpt_4o/seed_0018
N16/all_gpt_4o/seed_0020,16,20,seed_0020,Yemen,0.6875,polarization,Yemen,0.6875,Austria,0.3125,384,24.0,Yemen;Austria,16,0,polarization,results/flag_game/proposal_core_remaining_seeds7_w6_h4_scale25_noexamples_stop5/04_model_mix_alpha_neutral/N16/all_gpt_4o/seed_0020
N16/all_gpt_4o/seed_0023,16,23,seed_0023,Germany,1.0,correct_consensus,Germany,1.0,Armenia,0.0,216,13.5,Germany,16,0,correct_consensus,results/flag_game/proposal_core_remaining_seeds7_w6_h4_scale25_noexamples_stop5/04_model_mix_alpha_neutral/N16/all_gpt_4o/seed_0023
N16/all_gpt_4o/seed_0024,16,24,seed_0024,Ukraine,0.125,wrong_consensus,Chad,0.875,Ukraine,0.125,384,24.0,Chad,16,0,fragmentation,results/flag_game/proposal_core_remaining_seeds7_w6_h4_scale25_noexamples_stop5/04_model_mix_alpha_neutral/N16/all_gpt_4o/seed_0024
N16/all_gpt_4o/seed_0027,16,27,seed_0027,Russia,1.0,correct_consensus,Russia,1.0,Armenia,0.0,104,6.5,Russia,16,0,correct_consensus,results/flag_game/proposal_core_remaining_seeds7_w6_h4_scale25_noexamples_stop5/04_model_mix_alpha_neutral/N16/all_gpt_4o/seed_0027
N16/all_gpt_4o/seed_0032,16,32,seed_0032,Belgium,1.0,correct_consensus,Belgium,1.0,Armenia,0.0,352,22.0,Belgium,16,0,correct_consensus,results/flag_game/proposal_core_remaining_seeds7_w6_h4_scale25_noexamples_stop5/04_model_mix_alpha_neutral/N16/all_gpt_4o/seed_0032
N16/all_gpt_4o/seed_0033,16,33,seed_0033,Nigeria,1.0,correct_consensus,Nigeria,1.0,Armenia,0.0,96,6.0,Nigeria,16,0,correct_consensus,results/flag_game/proposal_core_remaining_seeds7_w6_h4_scale25_noexamples_stop5/04_model_mix_alpha_neutral/N16/all_gpt_4o/seed_0033
N16/all_gpt_4o/seed_0034,16,34,seed_0034,Mali,0.3125,polarization,Guinea,0.6875,Mali,0.3125,384,24.0,Guinea;Mali,16,0,polarization,results/flag_game/proposal_core_remaining_seeds7_w6_h4_scale25_noexamples_stop5/04_model_mix_alpha_neutral/N16/all_gpt_4o/seed_0034
N16/all_gpt_4o/seed_0035,16,35,seed_0035,Netherlands,0.0,polarization,Austria,0.5,Russia,0.4375,384,24.0,Austria;Russia,16,0,polarization,results/flag_game/proposal_core_remaining_seeds7_w6_h4_scale25_noexamples_stop5/04_model_mix_alpha_neutral/N16/all_gpt_4o/seed_0035
N16/all_gpt_4o/seed_0036,16,36,seed_0036,Guinea,0.5,polarization,Guinea,0.5,Mali,0.5,384,24.0,Guinea;Mali,16,0,polarization,results/flag_game/proposal_core_remaining_seeds7_w6_h4_scale25_noexamples_stop5/04_model_mix_alpha_neutral/N16/all_gpt_4o/seed_0036
N16/all_gpt_4o/seed_0037,16,37,seed_0037,Sierra Leone,0.0,polarization,Russia,0.75,Nigeria,0.25,384,24.0,Russia;Nigeria,16,0,polarization,results/flag_game/proposal_core_remaining_seeds7_w6_h4_scale25_noexamples_stop5/04_model_mix_alpha_neutral/N16/all_gpt_4o/seed_0037
N16/all_gpt_4o/seed_0038,16,38,seed_0038,Russia,1.0,correct_consensus,Russia,1.0,Armenia,0.0,232,14.5,Russia,16,0,correct_consensus,results/flag_game/proposal_core_remaining_seeds7_w6_h4_scale25_noexamples_stop5/04_model_mix_alpha_neutral/N16/all_gpt_4o/seed_0038
N16/all_gpt_4o/seed_0039,16,39,seed_0039,Estonia,1.0,correct_consensus,Estonia,1.0,Armenia,0.0,104,6.5,Estonia,16,0,correct_consensus,results/flag_game/proposal_core_remaining_seeds7_w6_h4_scale25_noexamples_stop5/04_model_mix_alpha_neutral/N16/all_gpt_4o/seed_0039
N16/all_gpt_4o/seed_0040,16,40,seed_0040,Lithuania,0.4375,polarization,Bulgaria,0.5,Lithuania,0.4375,384,24.0,Bulgaria;Lithuania,16,0,polarization,results/flag_game/proposal_core_remaining_seeds7_w6_h4_scale25_noexamples_stop5/04_model_mix_alpha_neutral/N16/all_gpt_4o/seed_0040
N16/all_gpt_4o/seed_0041,16,41,seed_0041,Ireland,0.125,fragmentation,Nigeria,0.6875,Cote d'Ivoire,0.1875,384,24.0,Nigeria,16,0,fragmentation,results/flag_game/proposal_core_remaining_seeds7_w6_h4_scale25_noexamples_stop5/04_model_mix_alpha_neutral/N16/all_gpt_4o/seed_0041
N16/all_gpt_4o/seed_0042,16,42,seed_0042,Russia,1.0,correct_consensus,Russia,1.0,Armenia,0.0,144,9.0,Russia,16,0,correct_consensus,results/flag_game/proposal_core_remaining_seeds7_w6_h4_scale25_noexamples_stop5/04_model_mix_alpha_neutral/N16/all_gpt_4o/seed_0042
N16/all_gpt_4o/seed_0043,16,43,seed_0043,Austria,1.0,correct_consensus,Austria,1.0,Armenia,0.0,176,11.0,Austria,16,0,correct_consensus,results/flag_game/proposal_core_remaining_seeds7_w6_h4_scale25_noexamples_stop5/04_model_mix_alpha_neutral/N16/all_gpt_4o/seed_0043
N16/all_gpt_4o/seed_0044,16,44,seed_0044,Italy,0.0,polarization,Nigeria,0.75,Peru,0.25,384,24.0,Nigeria;Peru,16,0,polarization,results/flag_game/proposal_core_remaining_seeds7_w6_h4_scale25_noexamples_stop5/04_model_mix_alpha_neutral/N16/all_gpt_4o/seed_0044
N16/all_gpt_4o/seed_0045,16,45,seed_0045,Gabon,0.75,fragmentation,Gabon,0.75,Nigeria,0.1875,384,24.0,Gabon,16,0,fragmentation,results/flag_game/proposal_core_remaining_seeds7_w6_h4_scale25_noexamples_stop5/04_model_mix_alpha_neutral/N16/all_gpt_4o/seed_0045
N16/all_gpt_4o/seed_0047,16,47,seed_0047,Hungary,0.0,polarization,Austria,0.625,Bulgaria,0.375,384,24.0,Austria;Bulgaria,16,0,polarization,results/flag_game/proposal_core_remaining_seeds7_w6_h4_scale25_noexamples_stop5/04_model_mix_alpha_neutral/N16/all_gpt_4o/seed_0047
N16/all_gpt_4o/seed_0048,16,48,seed_0048,Netherlands,0.0,polarization,Russia,0.5625,Austria,0.4375,384,24.0,Russia;Austria,16,0,polarization,results/flag_game/proposal_core_remaining_seeds7_w6_h4_scale25_noexamples_stop5/04_model_mix_alpha_neutral/N16/all_gpt_4o/seed_0048
N16/all_gpt_4o/seed_0049,16,49,seed_0049,Belgium,0.3125,polarization,Chad,0.6875,Belgium,0.3125,384,24.0,Chad;Belgium,16,0,polarization,results/flag_game/proposal_core_remaining_seeds7_w6_h4_scale25_noexamples_stop5/04_model_mix_alpha_neutral/N16/all_gpt_4o/seed_0049
N16/all_gpt_4o/seed_0050,16,50,seed_0050,Luxembourg,0.0,polarization,Austria,0.5,Ukraine,0.5,384,24.0,Austria;Ukraine,16,0,polarization,results/flag_game/proposal_core_remaining_seeds7_w6_h4_scale25_noexamples_stop5/04_model_mix_alpha_neutral/N16/all_gpt_4o/seed_0050
N16/all_gpt_4o/seed_0051,16,51,seed_0051,France,1.0,correct_consensus,France,1.0,Armenia,0.0,104,6.5,France,16,0,correct_consensus,results/flag_game/proposal_core_remaining_seeds7_w6_h4_scale25_noexamples_stop5/04_model_mix_alpha_neutral/N16/all_gpt_4o/seed_0051
N16/all_gpt_4o/seed_0052,16,52,seed_0052,Gabon,0.1875,polarization,Ukraine,0.375,Lithuania,0.25,384,24.0,Ukraine;Lithuania,16,0,polarization,results/flag_game/proposal_core_remaining_seeds7_w6_h4_scale25_noexamples_stop5/04_model_mix_alpha_neutral/N16/all_gpt_4o/seed_0052
N32/all_gpt_4o/seed_0001,32,1,seed_0001,Chad,1.0,correct_consensus,Chad,1.0,Armenia,0.0,544,17.0,Chad,32,0,correct_consensus,results/flag_game/proposal_core_remaining_seeds7_w6_h4_scale25_noexamples_stop5/04_model_mix_alpha_neutral/N32/all_gpt_4o/seed_0001
N32/all_gpt_4o/seed_0002,32,2,seed_0002,Austria,1.0,correct_consensus,Austria,1.0,Armenia,0.0,288,9.0,Austria,32,0,correct_consensus,results/flag_game/proposal_core_remaining_seeds7_w6_h4_scale25_noexamples_stop5/04_model_mix_alpha_neutral/N32/all_gpt_4o/seed_0002
N32/all_gpt_4o/seed_0003,32,3,seed_0003,France,0.65625,polarization,France,0.65625,Peru,0.34375,1024,32.0,France;Peru,32,0,polarization,results/flag_game/proposal_core_remaining_seeds7_w6_h4_scale25_noexamples_stop5/04_model_mix_alpha_neutral/N32/all_gpt_4o/seed_0003
N32/all_gpt_4o/seed_0004,32,4,seed_0004,France,1.0,correct_consensus,France,1.0,Armenia,0.0,1024,32.0,France,32,0,correct_consensus,results/flag_game/proposal_core_remaining_seeds7_w6_h4_scale25_noexamples_stop5/04_model_mix_alpha_neutral/N32/all_gpt_4o/seed_0004
N32/all_gpt_4o/seed_0005,32,5,seed_0005,Peru,1.0,correct_consensus,Peru,1.0,Armenia,0.0,272,8.5,Peru,32,0,correct_consensus,results/flag_game/proposal_core_remaining_seeds7_w6_h4_scale25_noexamples_stop5/04_model_mix_alpha_neutral/N32/all_gpt_4o/seed_0005
N32/all_gpt_4o/seed_0006,32,6,seed_0006,Nigeria,1.0,correct_consensus,Nigeria,1.0,Armenia,0.0,176,5.5,Nigeria,32,0,correct_consensus,results/flag_game/proposal_core_remaining_seeds7_w6_h4_scale25_noexamples_stop5/04_model_mix_alpha_neutral/N32/all_gpt_4o/seed_0006
N32/all_gpt_4o/seed_0007,32,7,seed_0007,Guinea,0.34375,polarization,Mali,0.65625,Guinea,0.34375,1024,32.0,Mali;Guinea,32,0,polarization,results/flag_game/proposal_core_remaining_seeds7_w6_h4_scale25_noexamples_stop5/04_model_mix_alpha_neutral/N32/all_gpt_4o/seed_0007
N32/all_gpt_4o/seed_0008,32,8,seed_0008,France,0.59375,polarization,France,0.59375,Peru,0.40625,1024,32.0,France;Peru,32,0,polarization,results/flag_game/proposal_core_remaining_seeds7_w6_h4_scale25_noexamples_stop5/04_model_mix_alpha_neutral/N32/all_gpt_4o/seed_0008
N32/all_gpt_4o/seed_0009,32,9,seed_0009,Lithuania,0.5625,polarization,Lithuania,0.5625,Bulgaria,0.4375,1024,32.0,Lithuania;Bulgaria,32,0,polarization,results/flag_game/proposal_core_remaining_seeds7_w6_h4_scale25_noexamples_stop5/04_model_mix_alpha_neutral/N32/all_gpt_4o/seed_0009
N32/all_gpt_4o/seed_0010,32,10,seed_0010,Nigeria,1.0,correct_consensus,Nigeria,1.0,Armenia,0.0,96,3.0,Nigeria,32,0,correct_consensus,results/flag_game/proposal_core_remaining_seeds7_w6_h4_scale25_noexamples_stop5/04_model_mix_alpha_neutral/N32/all_gpt_4o/seed_0010
N32/all_gpt_4o/seed_0013,32,13,seed_0013,Gabon,0.34375,polarization,Ukraine,0.375,Gabon,0.34375,1024,32.0,Ukraine;Gabon,32,0,polarization,results/flag_game/proposal_core_remaining_seeds7_w6_h4_scale25_noexamples_stop5/04_model_mix_alpha_neutral/N32/all_gpt_4o/seed_0013
N32/all_gpt_4o/seed_0014,32,14,seed_0014,Bulgaria,0.625,polarization,Bulgaria,0.625,Hungary,0.375,1024,32.0,Bulgaria;Hungary,32,0,polarization,results/flag_game/proposal_core_remaining_seeds7_w6_h4_scale25_noexamples_stop5/04_model_mix_alpha_neutral/N32/all_gpt_4o/seed_0014
N32/all_gpt_4o/seed_0015,32,15,seed_0015,Estonia,1.0,correct_consensus,Estonia,1.0,Armenia,0.0,256,8.0,Estonia,32,0,correct_consensus,results/flag_game/proposal_core_remaining_seeds7_w6_h4_scale25_noexamples_stop5/04_model_mix_alpha_neutral/N32/all_gpt_4o/seed_0015
N32/all_gpt_4o/seed_0018,32,18,seed_0018,Cote d'Ivoire,0.53125,polarization,Cote d'Ivoire,0.53125,Nigeria,0.46875,1024,32.0,Cote d'Ivoire;Nigeria,32,0,polarization,results/flag_game/proposal_core_remaining_seeds7_w6_h4_scale25_noexamples_stop5/04_model_mix_alpha_neutral/N32/all_gpt_4o/seed_0018
N32/all_gpt_4o/seed_0020,32,20,seed_0020,Yemen,0.0,polarization,Estonia,0.53125,Austria,0.46875,1024,32.0,Estonia;Austria,32,0,polarization,results/flag_game/proposal_core_remaining_seeds7_w6_h4_scale25_noexamples_stop5/04_model_mix_alpha_neutral/N32/all_gpt_4o/seed_0020
N32/all_gpt_4o/seed_0023,32,23,seed_0023,Germany,1.0,correct_consensus,Germany,1.0,Armenia,0.0,416,13.0,Germany,32,0,correct_consensus,results/flag_game/proposal_core_remaining_seeds7_w6_h4_scale25_noexamples_stop5/04_model_mix_alpha_neutral/N32/all_gpt_4o/seed_0023
N32/all_gpt_4o/seed_0024,32,24,seed_0024,Ukraine,1.0,correct_consensus,Ukraine,1.0,Armenia,0.0,560,17.5,Ukraine,32,0,correct_consensus,results/flag_game/proposal_core_remaining_seeds7_w6_h4_scale25_noexamples_stop5/04_model_mix_alpha_neutral/N32/all_gpt_4o/seed_0024
N32/all_gpt_4o/seed_0027,32,27,seed_0027,Russia,1.0,correct_consensus,Russia,1.0,Armenia,0.0,480,15.0,Russia,32,0,correct_consensus,results/flag_game/proposal_core_remaining_seeds7_w6_h4_scale25_noexamples_stop5/04_model_mix_alpha_neutral/N32/all_gpt_4o/seed_0027
N32/all_gpt_4o/seed_0032,32,32,seed_0032,Belgium,0.9375,correct_consensus,Belgium,0.9375,Austria,0.0625,1024,32.0,Belgium,32,0,correct_consensus,results/flag_game/proposal_core_remaining_seeds7_w6_h4_scale25_noexamples_stop5/04_model_mix_alpha_neutral/N32/all_gpt_4o/seed_0032
N32/all_gpt_4o/seed_0033,32,33,seed_0033,Nigeria,1.0,correct_consensus,Nigeria,1.0,Armenia,0.0,160,5.0,Nigeria,32,0,correct_consensus,results/flag_game/proposal_core_remaining_seeds7_w6_h4_scale25_noexamples_stop5/04_model_mix_alpha_neutral/N32/all_gpt_4o/seed_0033
N32/all_gpt_4o/seed_0034,32,34,seed_0034,Mali,0.40625,polarization,Mali,0.40625,Austria,0.25,1024,32.0,Mali;Austria,32,0,polarization,results/flag_game/proposal_core_remaining_seeds7_w6_h4_scale25_noexamples_stop5/04_model_mix_alpha_neutral/N32/all_gpt_4o/seed_0034
N32/all_gpt_4o/seed_0035,32,35,seed_0035,Netherlands,0.0,polarization,Russia,0.65625,Austria,0.34375,1024,32.0,Russia;Austria,32,0,polarization,results/flag_game/proposal_core_remaining_seeds7_w6_h4_scale25_noexamples_stop5/04_model_mix_alpha_neutral/N32/all_gpt_4o/seed_0035
N32/all_gpt_4o/seed_0036,32,36,seed_0036,Guinea,1.0,correct_consensus,Guinea,1.0,Armenia,0.0,416,13.0,Guinea,32,0,correct_consensus,results/flag_game/proposal_core_remaining_seeds7_w6_h4_scale25_noexamples_stop5/04_model_mix_alpha_neutral/N32/all_gpt_4o/seed_0036
N32/all_gpt_4o/seed_0037,32,37,seed_0037,Sierra Leone,0.0,polarization,Russia,0.625,Nigeria,0.3125,1024,32.0,Russia;Nigeria,32,0,polarization,results/flag_game/proposal_core_remaining_seeds7_w6_h4_scale25_noexamples_stop5/04_model_mix_alpha_neutral/N32/all_gpt_4o/seed_0037
N32/all_gpt_4o/seed_0038,32,38,seed_0038,Russia,1.0,correct_consensus,Russia,1.0,Armenia,0.0,176,5.5,Russia,32,0,correct_consensus,results/flag_game/proposal_core_remaining_seeds7_w6_h4_scale25_noexamples_stop5/04_model_mix_alpha_neutral/N32/all_gpt_4o/seed_0038
N32/all_gpt_4o/seed_0039,32,39,seed_0039,Estonia,1.0,correct_consensus,Estonia,1.0,Armenia,0.0,464,14.5,Estonia,32,0,correct_consensus,results/flag_game/proposal_core_remaining_seeds7_w6_h4_scale25_noexamples_stop5/04_model_mix_alpha_neutral/N32/all_gpt_4o/seed_0039
N32/all_gpt_4o/seed_0040,32,40,seed_0040,Lithuania,0.4375,polarization,Bulgaria,0.5625,Lithuania,0.4375,1024,32.0,Bulgaria;Lithuania,32,0,polarization,results/flag_game/proposal_core_remaining_seeds7_w6_h4_scale25_noexamples_stop5/04_model_mix_alpha_neutral/N32/all_gpt_4o/seed_0040
N32/all_gpt_4o/seed_0041,32,41,seed_0041,Ireland,0.0,polarization,Cote d'Ivoire,0.53125,Nigeria,0.46875,1024,32.0,Cote d'Ivoire;Nigeria,32,0,polarization,results/flag_game/proposal_core_remaining_seeds7_w6_h4_scale25_noexamples_stop5/04_model_mix_alpha_neutral/N32/all_gpt_4o/seed_0041
N32/all_gpt_4o/seed_0042,32,42,seed_0042,Russia,1.0,correct_consensus,Russia,1.0,Armenia,0.0,272,8.5,Russia,32,0,correct_consensus,results/flag_game/proposal_core_remaining_seeds7_w6_h4_scale25_noexamples_stop5/04_model_mix_alpha_neutral/N32/all_gpt_4o/seed_0042
N32/all_gpt_4o/seed_0043,32,43,seed_0043,Austria,1.0,correct_consensus,Austria,1.0,Armenia,0.0,240,7.5,Austria,32,0,correct_consensus,results/flag_game/proposal_core_remaining_seeds7_w6_h4_scale25_noexamples_stop5/04_model_mix_alpha_neutral/N32/all_gpt_4o/seed_0043
N32/all_gpt_4o/seed_0044,32,44,seed_0044,Italy,0.0,polarization,Nigeria,0.71875,Peru,0.28125,1024,32.0,Nigeria;Peru,32,0,polarization,results/flag_game/proposal_core_remaining_seeds7_w6_h4_scale25_noexamples_stop5/04_model_mix_alpha_neutral/N32/all_gpt_4o/seed_0044
N32/all_gpt_4o/seed_0045,32,45,seed_0045,Gabon,0.375,polarization,Gabon,0.375,Ukraine,0.375,1024,32.0,Gabon;Ukraine;Nigeria,32,0,polarization,results/flag_game/proposal_core_remaining_seeds7_w6_h4_scale25_noexamples_stop5/04_model_mix_alpha_neutral/N32/all_gpt_4o/seed_0045
N32/all_gpt_4o/seed_0047,32,47,seed_0047,Hungary,0.0,polarization,Austria,0.46875,Bulgaria,0.40625,1024,32.0,Austria;Bulgaria,32,0,polarization,results/flag_game/proposal_core_remaining_seeds7_w6_h4_scale25_noexamples_stop5/04_model_mix_alpha_neutral/N32/all_gpt_4o/seed_0047
N32/all_gpt_4o/seed_0048,32,48,seed_0048,Netherlands,0.0,polarization,Russia,0.46875,Austria,0.40625,1024,32.0,Russia;Austria,32,0,polarization,results/flag_game/proposal_core_remaining_seeds7_w6_h4_scale25_noexamples_stop5/04_model_mix_alpha_neutral/N32/all_gpt_4o/seed_0048
N32/all_gpt_4o/seed_0049,32,49,seed_0049,Belgium,0.53125,polarization,Belgium,0.53125,Chad,0.46875,1024,32.0,Belgium;Chad,32,0,polarization,results/flag_game/proposal_core_remaining_seeds7_w6_h4_scale25_noexamples_stop5/04_model_mix_alpha_neutral/N32/all_gpt_4o/seed_0049
N32/all_gpt_4o/seed_0050,32,50,seed_0050,Luxembourg,0.0,polarization,Austria,0.46875,Russia,0.40625,1024,32.0,Austria;Russia,32,0,polarization,results/flag_game/proposal_core_remaining_seeds7_w6_h4_scale25_noexamples_stop5/04_model_mix_alpha_neutral/N32/all_gpt_4o/seed_0050
N32/all_gpt_4o/seed_0051,32,51,seed_0051,France,0.78125,fragmentation,France,0.78125,Peru,0.21875,1024,32.0,France,32,0,polarization,results/flag_game/proposal_core_remaining_seeds7_w6_h4_scale25_noexamples_stop5/04_model_mix_alpha_neutral/N32/all_gpt_4o/seed_0051
N32/all_gpt_4o/seed_0052,32,52,seed_0052,Gabon,0.15625,fragmentation,Lithuania,0.3125,Ukraine,0.21875,1024,32.0,Lithuania,32,0,polarization,results/flag_game/proposal_core_remaining_seeds7_w6_h4_scale25_noexamples_stop5/04_model_mix_alpha_neutral/N32/all_gpt_4o/seed_0052
N64/all_gpt_4o/seed_0001,64,1,seed_0001,Chad,1.0,correct_consensus,Chad,1.0,Armenia,0.0,1280,20.0,Chad,64,0,correct_consensus,results/flag_game/proposal_core_remaining_seeds7_w6_h4_scale25_noexamples_stop5/04_model_mix_alpha_neutral/N64/all_gpt_4o/seed_0001
N64/all_gpt_4o/seed_0002,64,2,seed_0002,Austria,1.0,correct_consensus,Austria,1.0,Armenia,0.0,512,8.0,Austria,64,0,correct_consensus,results/flag_game/proposal_core_remaining_seeds7_w6_h4_scale25_noexamples_stop5/04_model_mix_alpha_neutral/N64/all_gpt_4o/seed_0002
N64/all_gpt_4o/seed_0003,64,3,seed_0003,France,0.609375,polarization,France,0.609375,Peru,0.390625,2048,32.0,France;Peru,64,0,polarization,results/flag_game/proposal_core_remaining_seeds7_w6_h4_scale25_noexamples_stop5/04_model_mix_alpha_neutral/N64/all_gpt_4o/seed_0003
N64/all_gpt_4o/seed_0004,64,4,seed_0004,France,0.890625,correct_consensus,France,0.890625,Peru,0.109375,2048,32.0,France,64,0,fragmentation,results/flag_game/proposal_core_remaining_seeds7_w6_h4_scale25_noexamples_stop5/04_model_mix_alpha_neutral/N64/all_gpt_4o/seed_0004
N64/all_gpt_4o/seed_0005,64,5,seed_0005,Peru,1.0,correct_consensus,Peru,1.0,Armenia,0.0,448,7.0,Peru,64,0,correct_consensus,results/flag_game/proposal_core_remaining_seeds7_w6_h4_scale25_noexamples_stop5/04_model_mix_alpha_neutral/N64/all_gpt_4o/seed_0005
N64/all_gpt_4o/seed_0006,64,6,seed_0006,Nigeria,1.0,correct_consensus,Nigeria,1.0,Armenia,0.0,416,6.5,Nigeria,64,0,correct_consensus,results/flag_game/proposal_core_remaining_seeds7_w6_h4_scale25_noexamples_stop5/04_model_mix_alpha_neutral/N64/all_gpt_4o/seed_0006
N64/all_gpt_4o/seed_0007,64,7,seed_0007,Guinea,0.375,polarization,Mali,0.625,Guinea,0.375,2048,32.0,Mali;Guinea,64,0,polarization,results/flag_game/proposal_core_remaining_seeds7_w6_h4_scale25_noexamples_stop5/04_model_mix_alpha_neutral/N64/all_gpt_4o/seed_0007
N64/all_gpt_4o/seed_0008,64,8,seed_0008,France,0.578125,polarization,France,0.578125,Peru,0.421875,2048,32.0,France;Peru,64,0,polarization,results/flag_game/proposal_core_remaining_seeds7_w6_h4_scale25_noexamples_stop5/04_model_mix_alpha_neutral/N64/all_gpt_4o/seed_0008
N64/all_gpt_4o/seed_0009,64,9,seed_0009,Lithuania,0.609375,polarization,Lithuania,0.609375,Bulgaria,0.390625,2048,32.0,Lithuania;Bulgaria,64,0,polarization,results/flag_game/proposal_core_remaining_seeds7_w6_h4_scale25_noexamples_stop5/04_model_mix_alpha_neutral/N64/all_gpt_4o/seed_0009
N64/all_gpt_4o/seed_0010,64,10,seed_0010,Nigeria,1.0,correct_consensus,Nigeria,1.0,Armenia,0.0,288,4.5,Nigeria,64,0,correct_consensus,results/flag_game/proposal_core_remaining_seeds7_w6_h4_scale25_noexamples_stop5/04_model_mix_alpha_neutral/N64/all_gpt_4o/seed_0010
N64/all_gpt_4o/seed_0013,64,13,seed_0013,Gabon,0.3125,polarization,Ukraine,0.609375,Gabon,0.3125,2048,32.0,Ukraine;Gabon,64,0,polarization,results/flag_game/proposal_core_remaining_seeds7_w6_h4_scale25_noexamples_stop5/04_model_mix_alpha_neutral/N64/all_gpt_4o/seed_0013
N64/all_gpt_4o/seed_0014,64,14,seed_0014,Bulgaria,1.0,correct_consensus,Bulgaria,1.0,Armenia,0.0,576,9.0,Bulgaria,64,0,correct_consensus,results/flag_game/proposal_core_remaining_seeds7_w6_h4_scale25_noexamples_stop5/04_model_mix_alpha_neutral/N64/all_gpt_4o/seed_0014
N64/all_gpt_4o/seed_0015,64,15,seed_0015,Estonia,1.0,correct_consensus,Estonia,1.0,Armenia,0.0,800,12.5,Estonia,64,0,correct_consensus,results/flag_game/proposal_core_remaining_seeds7_w6_h4_scale25_noexamples_stop5/04_model_mix_alpha_neutral/N64/all_gpt_4o/seed_0015
N64/all_gpt_4o/seed_0018,64,18,seed_0018,Cote d'Ivoire,0.546875,polarization,Cote d'Ivoire,0.546875,Nigeria,0.453125,2048,32.0,Cote d'Ivoire;Nigeria,64,0,polarization,results/flag_game/proposal_core_remaining_seeds7_w6_h4_scale25_noexamples_stop5/04_model_mix_alpha_neutral/N64/all_gpt_4o/seed_0018
N64/all_gpt_4o/seed_0020,64,20,seed_0020,Yemen,0.078125,wrong_consensus,Austria,0.921875,Yemen,0.078125,2048,32.0,Austria,64,0,wrong_consensus,results/flag_game/proposal_core_remaining_seeds7_w6_h4_scale25_noexamples_stop5/04_model_mix_alpha_neutral/N64/all_gpt_4o/seed_0020
N64/all_gpt_4o/seed_0023,64,23,seed_0023,Germany,1.0,correct_consensus,Germany,1.0,Armenia,0.0,1248,19.5,Germany,64,0,correct_consensus,results/flag_game/proposal_core_remaining_seeds7_w6_h4_scale25_noexamples_stop5/04_model_mix_alpha_neutral/N64/all_gpt_4o/seed_0023
N64/all_gpt_4o/seed_0024,64,24,seed_0024,Ukraine,0.09375,wrong_consensus,Chad,0.90625,Ukraine,0.09375,2048,32.0,Chad,64,0,wrong_consensus,results/flag_game/proposal_core_remaining_seeds7_w6_h4_scale25_noexamples_stop5/04_model_mix_alpha_neutral/N64/all_gpt_4o/seed_0024
N64/all_gpt_4o/seed_0027,64,27,seed_0027,Russia,1.0,correct_consensus,Russia,1.0,Armenia,0.0,1344,21.0,Russia,64,0,correct_consensus,results/flag_game/proposal_core_remaining_seeds7_w6_h4_scale25_noexamples_stop5/04_model_mix_alpha_neutral/N64/all_gpt_4o/seed_0027
N64/all_gpt_4o/seed_0032,64,32,seed_0032,Belgium,0.734375,polarization,Belgium,0.734375,Chad,0.265625,2048,32.0,Belgium;Chad,64,0,polarization,results/flag_game/proposal_core_remaining_seeds7_w6_h4_scale25_noexamples_stop5/04_model_mix_alpha_neutral/N64/all_gpt_4o/seed_0032
N64/all_gpt_4o/seed_0033,64,33,seed_0033,Nigeria,1.0,correct_consensus,Nigeria,1.0,Armenia,0.0,224,3.5,Nigeria,64,0,correct_consensus,results/flag_game/proposal_core_remaining_seeds7_w6_h4_scale25_noexamples_stop5/04_model_mix_alpha_neutral/N64/all_gpt_4o/seed_0033
N64/all_gpt_4o/seed_0034,64,34,seed_0034,Mali,0.8125,fragmentation,Mali,0.8125,Guinea,0.1875,2048,32.0,Mali,64,0,fragmentation,results/flag_game/proposal_core_remaining_seeds7_w6_h4_scale25_noexamples_stop5/04_model_mix_alpha_neutral/N64/all_gpt_4o/seed_0034
N64/all_gpt_4o/seed_0035,64,35,seed_0035,Netherlands,0.0,polarization,Russia,0.53125,Austria,0.46875,2048,32.0,Russia;Austria,64,0,polarization,results/flag_game/proposal_core_remaining_seeds7_w6_h4_scale25_noexamples_stop5/04_model_mix_alpha_neutral/N64/all_gpt_4o/seed_0035
N64/all_gpt_4o/seed_0036,64,36,seed_0036,Guinea,0.46875,polarization,Mali,0.53125,Guinea,0.46875,2048,32.0,Mali;Guinea,64,0,polarization,results/flag_game/proposal_core_remaining_seeds7_w6_h4_scale25_noexamples_stop5/04_model_mix_alpha_neutral/N64/all_gpt_4o/seed_0036
N64/all_gpt_4o/seed_0037,64,37,seed_0037,Sierra Leone,0.0,fragmentation,Russia,0.5625,Bulgaria,0.234375,2048,32.0,Russia,64,0,polarization,results/flag_game/proposal_core_remaining_seeds7_w6_h4_scale25_noexamples_stop5/04_model_mix_alpha_neutral/N64/all_gpt_4o/seed_0037
N64/all_gpt_4o/seed_0038,64,38,seed_0038,Russia,1.0,correct_consensus,Russia,1.0,Armenia,0.0,928,14.5,Russia,64,0,correct_consensus,results/flag_game/proposal_core_remaining_seeds7_w6_h4_scale25_noexamples_stop5/04_model_mix_alpha_neutral/N64/all_gpt_4o/seed_0038
N64/all_gpt_4o/seed_0039,64,39,seed_0039,Estonia,1.0,correct_consensus,Estonia,1.0,Armenia,0.0,480,7.5,Estonia,64,0,correct_consensus,results/flag_game/proposal_core_remaining_seeds7_w6_h4_scale25_noexamples_stop5/04_model_mix_alpha_neutral/N64/all_gpt_4o/seed_0039
N64/all_gpt_4o/seed_0040,64,40,seed_0040,Lithuania,0.203125,polarization,Bulgaria,0.5,Gabon,0.296875,2048,32.0,Bulgaria;Gabon,64,0,polarization,results/flag_game/proposal_core_remaining_seeds7_w6_h4_scale25_noexamples_stop5/04_model_mix_alpha_neutral/N64/all_gpt_4o/seed_0040
N64/all_gpt_4o/seed_0041,64,41,seed_0041,Ireland,0.0,polarization,Cote d'Ivoire,0.53125,Nigeria,0.46875,2048,32.0,Cote d'Ivoire;Nigeria,64,0,polarization,results/flag_game/proposal_core_remaining_seeds7_w6_h4_scale25_noexamples_stop5/04_model_mix_alpha_neutral/N64/all_gpt_4o/seed_0041
N64/all_gpt_4o/seed_0042,64,42,seed_0042,Russia,1.0,correct_consensus,Russia,1.0,Armenia,0.0,1408,22.0,Russia,64,0,correct_consensus,results/flag_game/proposal_core_remaining_seeds7_w6_h4_scale25_noexamples_stop5/04_model_mix_alpha_neutral/N64/all_gpt_4o/seed_0042
N64/all_gpt_4o/seed_0043,64,43,seed_0043,Austria,1.0,correct_consensus,Austria,1.0,Armenia,0.0,768,12.0,Austria,64,0,correct_consensus,results/flag_game/proposal_core_remaining_seeds7_w6_h4_scale25_noexamples_stop5/04_model_mix_alpha_neutral/N64/all_gpt_4o/seed_0043
N64/all_gpt_4o/seed_0044,64,44,seed_0044,Italy,0.0,polarization,Nigeria,0.578125,Peru,0.296875,2048,32.0,Nigeria;Peru,64,0,polarization,results/flag_game/proposal_core_remaining_seeds7_w6_h4_scale25_noexamples_stop5/04_model_mix_alpha_neutral/N64/all_gpt_4o/seed_0044
N64/all_gpt_4o/seed_0045,64,45,seed_0045,Gabon,0.34375,polarization,Ukraine,0.421875,Gabon,0.34375,2048,32.0,Ukraine;Gabon,64,0,polarization,results/flag_game/proposal_core_remaining_seeds7_w6_h4_scale25_noexamples_stop5/04_model_mix_alpha_neutral/N64/all_gpt_4o/seed_0045
N64/all_gpt_4o/seed_0047,64,47,seed_0047,Hungary,0.0,polarization,Bulgaria,0.515625,Austria,0.484375,2048,32.0,Bulgaria;Austria,64,0,polarization,results/flag_game/proposal_core_remaining_seeds7_w6_h4_scale25_noexamples_stop5/04_model_mix_alpha_neutral/N64/all_gpt_4o/seed_0047
N64/all_gpt_4o/seed_0048,64,48,seed_0048,Netherlands,0.0,polarization,Austria,0.515625,Russia,0.484375,2048,32.0,Austria;Russia,64,0,polarization,results/flag_game/proposal_core_remaining_seeds7_w6_h4_scale25_noexamples_stop5/04_model_mix_alpha_neutral/N64/all_gpt_4o/seed_0048
N64/all_gpt_4o/seed_0049,64,49,seed_0049,Belgium,0.484375,polarization,Guinea,0.515625,Belgium,0.484375,2048,32.0,Guinea;Belgium,64,0,polarization,results/flag_game/proposal_core_remaining_seeds7_w6_h4_scale25_noexamples_stop5/04_model_mix_alpha_neutral/N64/all_gpt_4o/seed_0049
N64/all_gpt_4o/seed_0050,64,50,seed_0050,Luxembourg,0.0,polarization,Sierra Leone,0.515625,Austria,0.484375,2048,32.0,Sierra Leone;Austria,64,0,polarization,results/flag_game/proposal_core_remaining_seeds7_w6_h4_scale25_noexamples_stop5/04_model_mix_alpha_neutral/N64/all_gpt_4o/seed_0050
N64/all_gpt_4o/seed_0051,64,51,seed_0051,France,0.703125,polarization,France,0.703125,Peru,0.296875,2048,32.0,France;Peru,64,0,polarization,results/flag_game/proposal_core_remaining_seeds7_w6_h4_scale25_noexamples_stop5/04_model_mix_alpha_neutral/N64/all_gpt_4o/seed_0051
N64/all_gpt_4o/seed_0052,64,52,seed_0052,Gabon,0.5,polarization,Gabon,0.5,Ukraine,0.5,2048,32.0,Gabon;Ukraine,64,0,polarization,results/flag_game/proposal_core_remaining_seeds7_w6_h4_scale25_noexamples_stop5/04_model_mix_alpha_neutral/N64/all_gpt_4o/seed_0052
N128/all_gpt_4o/seed_0001,128,1,seed_0001,Chad,1.0,correct_consensus,Chad,1.0,Armenia,0.0,4096,32.0,Chad,128,0,correct_consensus,results/flag_game/proposal_core_remaining_seeds7_w6_h4_scale25_noexamples_stop5/04_model_mix_alpha_neutral/N128/all_gpt_4o/seed_0001
N128/all_gpt_4o/seed_0002,128,2,seed_0002,Austria,1.0,correct_consensus,Austria,1.0,Armenia,0.0,1408,11.0,Austria,128,0,correct_consensus,results/flag_game/proposal_core_remaining_seeds7_w6_h4_scale25_noexamples_stop5/04_model_mix_alpha_neutral/N128/all_gpt_4o/seed_0002
N128/all_gpt_4o/seed_0003,128,3,seed_0003,France,0.5234375,polarization,France,0.5234375,Peru,0.4765625,4096,32.0,France;Peru,128,0,polarization,results/flag_game/proposal_core_remaining_seeds7_w6_h4_scale25_noexamples_stop5/04_model_mix_alpha_neutral/N128/all_gpt_4o/seed_0003
N128/all_gpt_4o/seed_0004,128,4,seed_0004,France,0.640625,polarization,France,0.640625,Peru,0.359375,4096,32.0,France;Peru,128,0,polarization,results/flag_game/proposal_core_remaining_seeds7_w6_h4_scale25_noexamples_stop5/04_model_mix_alpha_neutral/N128/all_gpt_4o/seed_0004
N128/all_gpt_4o/seed_0005,128,5,seed_0005,Peru,1.0,correct_consensus,Peru,1.0,Armenia,0.0,1216,9.5,Peru,128,0,correct_consensus,results/flag_game/proposal_core_remaining_seeds7_w6_h4_scale25_noexamples_stop5/04_model_mix_alpha_neutral/N128/all_gpt_4o/seed_0005
N128/all_gpt_4o/seed_0006,128,6,seed_0006,Nigeria,1.0,correct_consensus,Nigeria,1.0,Armenia,0.0,896,7.0,Nigeria,128,0,correct_consensus,results/flag_game/proposal_core_remaining_seeds7_w6_h4_scale25_noexamples_stop5/04_model_mix_alpha_neutral/N128/all_gpt_4o/seed_0006
N128/all_gpt_4o/seed_0007,128,7,seed_0007,Guinea,0.4140625,polarization,Mali,0.5859375,Guinea,0.4140625,4096,32.0,Mali;Guinea,128,0,polarization,results/flag_game/proposal_core_remaining_seeds7_w6_h4_scale25_noexamples_stop5/04_model_mix_alpha_neutral/N128/all_gpt_4o/seed_0007
N128/all_gpt_4o/seed_0008,128,8,seed_0008,France,0.5234375,polarization,France,0.5234375,Peru,0.46875,4096,32.0,France;Peru,128,0,polarization,results/flag_game/proposal_core_remaining_seeds7_w6_h4_scale25_noexamples_stop5/04_model_mix_alpha_neutral/N128/all_gpt_4o/seed_0008
N128/all_gpt_4o/seed_0009,128,9,seed_0009,Lithuania,0.4140625,polarization,Bulgaria,0.5234375,Lithuania,0.4140625,4096,32.0,Bulgaria;Lithuania,128,0,polarization,results/flag_game/proposal_core_remaining_seeds7_w6_h4_scale25_noexamples_stop5/04_model_mix_alpha_neutral/N128/all_gpt_4o/seed_0009
N128/all_gpt_4o/seed_0010,128,10,seed_0010,Nigeria,1.0,correct_consensus,Nigeria,1.0,Armenia,0.0,768,6.0,Nigeria,128,0,correct_consensus,results/flag_game/proposal_core_remaining_seeds7_w6_h4_scale25_noexamples_stop5/04_model_mix_alpha_neutral/N128/all_gpt_4o/seed_0010
N128/all_gpt_4o/seed_0013,128,13,seed_0013,Gabon,0.3515625,polarization,Ukraine,0.6015625,Gabon,0.3515625,4096,32.0,Ukraine;Gabon,128,0,polarization,results/flag_game/proposal_core_remaining_seeds7_w6_h4_scale25_noexamples_stop5/04_model_mix_alpha_neutral/N128/all_gpt_4o/seed_0013
N128/all_gpt_4o/seed_0014,128,14,seed_0014,Bulgaria,1.0,correct_consensus,Bulgaria,1.0,Armenia,0.0,3200,25.0,Bulgaria,128,0,correct_consensus,results/flag_game/proposal_core_remaining_seeds7_w6_h4_scale25_noexamples_stop5/04_model_mix_alpha_neutral/N128/all_gpt_4o/seed_0014
N128/all_gpt_4o/seed_0015,128,15,seed_0015,Estonia,1.0,correct_consensus,Estonia,1.0,Armenia,0.0,2816,22.0,Estonia,128,0,correct_consensus,results/flag_game/proposal_core_remaining_seeds7_w6_h4_scale25_noexamples_stop5/04_model_mix_alpha_neutral/N128/all_gpt_4o/seed_0015
N128/all_gpt_4o/seed_0018,128,18,seed_0018,Cote d'Ivoire,0.5859375,polarization,Cote d'Ivoire,0.5859375,Nigeria,0.4140625,4096,32.0,Cote d'Ivoire;Nigeria,128,0,polarization,results/flag_game/proposal_core_remaining_seeds7_w6_h4_scale25_noexamples_stop5/04_model_mix_alpha_neutral/N128/all_gpt_4o/seed_0018
N128/all_gpt_4o/seed_0020,128,20,seed_0020,Yemen,0.0,polarization,Austria,0.5703125,Estonia,0.4296875,4096,32.0,Austria;Estonia,128,0,polarization,results/flag_game/proposal_core_remaining_seeds7_w6_h4_scale25_noexamples_stop5/04_model_mix_alpha_neutral/N128/all_gpt_4o/seed_0020
N128/all_gpt_4o/seed_0023,128,23,seed_0023,Germany,1.0,correct_consensus,Germany,1.0,Armenia,0.0,1984,15.5,Germany,128,0,correct_consensus,results/flag_game/proposal_core_remaining_seeds7_w6_h4_scale25_noexamples_stop5/04_model_mix_alpha_neutral/N128/all_gpt_4o/seed_0023
N128/all_gpt_4o/seed_0024,128,24,seed_0024,Ukraine,1.0,correct_consensus,Ukraine,1.0,Armenia,0.0,3072,24.0,Ukraine,128,0,correct_consensus,results/flag_game/proposal_core_remaining_seeds7_w6_h4_scale25_noexamples_stop5/04_model_mix_alpha_neutral/N128/all_gpt_4o/seed_0024
N128/all_gpt_4o/seed_0032,128,32,seed_0032,Belgium,0.8046875,fragmentation,Belgium,0.8046875,Chad,0.125,4096,32.0,Belgium,128,0,fragmentation,results/flag_game/proposal_core_remaining_seeds7_w6_h4_scale25_noexamples_stop5/04_model_mix_alpha_neutral/N128/all_gpt_4o/seed_0032
N128/all_gpt_4o/seed_0033,128,33,seed_0033,Nigeria,1.0,correct_consensus,Nigeria,1.0,Armenia,0.0,832,6.5,Nigeria,128,0,correct_consensus,results/flag_game/proposal_core_remaining_seeds7_w6_h4_scale25_noexamples_stop5/04_model_mix_alpha_neutral/N128/all_gpt_4o/seed_0033
N128/all_gpt_4o/seed_0034,128,34,seed_0034,Mali,0.5859375,polarization,Mali,0.5859375,Guinea,0.40625,4096,32.0,Mali;Guinea,128,0,polarization,results/flag_game/proposal_core_remaining_seeds7_w6_h4_scale25_noexamples_stop5/04_model_mix_alpha_neutral/N128/all_gpt_4o/seed_0034
N128/all_gpt_4o/seed_0035,128,35,seed_0035,Netherlands,0.0,polarization,Russia,0.5390625,Austria,0.4609375,4096,32.0,Russia;Austria,128,0,polarization,results/flag_game/proposal_core_remaining_seeds7_w6_h4_scale25_noexamples_stop5/04_model_mix_alpha_neutral/N128/all_gpt_4o/seed_0035
N128/all_gpt_4o/seed_0036,128,36,seed_0036,Guinea,0.546875,polarization,Guinea,0.546875,Mali,0.453125,4096,32.0,Guinea;Mali,128,0,polarization,results/flag_game/proposal_core_remaining_seeds7_w6_h4_scale25_noexamples_stop5/04_model_mix_alpha_neutral/N128/all_gpt_4o/seed_0036
N128/all_gpt_4o/seed_0037,128,37,seed_0037,Sierra Leone,0.0,polarization,Nigeria,0.5,Russia,0.5,4096,32.0,Nigeria;Russia,128,0,polarization,results/flag_game/proposal_core_remaining_seeds7_w6_h4_scale25_noexamples_stop5/04_model_mix_alpha_neutral/N128/all_gpt_4o/seed_0037
N128/all_gpt_4o/seed_0038,128,38,seed_0038,Russia,1.0,correct_consensus,Russia,1.0,Armenia,0.0,2496,19.5,Russia,128,0,correct_consensus,results/flag_game/proposal_core_remaining_seeds7_w6_h4_scale25_noexamples_stop5/04_model_mix_alpha_neutral/N128/all_gpt_4o/seed_0038
N128/all_gpt_4o/seed_0039,128,39,seed_0039,Estonia,1.0,correct_consensus,Estonia,1.0,Armenia,0.0,3776,29.5,Estonia,128,0,correct_consensus,results/flag_game/proposal_core_remaining_seeds7_w6_h4_scale25_noexamples_stop5/04_model_mix_alpha_neutral/N128/all_gpt_4o/seed_0039
N128/all_gpt_4o/seed_0040,128,40,seed_0040,Lithuania,0.4375,polarization,Bulgaria,0.5234375,Lithuania,0.4375,4096,32.0,Bulgaria;Lithuania,128,0,polarization,results/flag_game/proposal_core_remaining_seeds7_w6_h4_scale25_noexamples_stop5/04_model_mix_alpha_neutral/N128/all_gpt_4o/seed_0040
N128/all_gpt_4o/seed_0041,128,41,seed_0041,Ireland,0.0,polarization,Cote d'Ivoire,0.5390625,Nigeria,0.4609375,4096,32.0,Cote d'Ivoire;Nigeria,128,0,polarization,results/flag_game/proposal_core_remaining_seeds7_w6_h4_scale25_noexamples_stop5/04_model_mix_alpha_neutral/N128/all_gpt_4o/seed_0041
N128/all_gpt_4o/seed_0042,128,42,seed_0042,Russia,1.0,correct_consensus,Russia,1.0,Armenia,0.0,3328,26.0,Russia,128,0,correct_consensus,results/flag_game/proposal_core_remaining_seeds7_w6_h4_scale25_noexamples_stop5/04_model_mix_alpha_neutral/N128/all_gpt_4o/seed_0042
N128/all_gpt_4o/seed_0043,128,43,seed_0043,Austria,1.0,correct_consensus,Austria,1.0,Armenia,0.0,1152,9.0,Austria,128,0,correct_consensus,results/flag_game/proposal_core_remaining_seeds7_w6_h4_scale25_noexamples_stop5/04_model_mix_alpha_neutral/N128/all_gpt_4o/seed_0043
N128/all_gpt_4o/seed_0044,128,44,seed_0044,Italy,0.0,polarization,Peru,0.5703125,Nigeria,0.4296875,4096,32.0,Peru;Nigeria,128,0,polarization,results/flag_game/proposal_core_remaining_seeds7_w6_h4_scale25_noexamples_stop5/04_model_mix_alpha_neutral/N128/all_gpt_4o/seed_0044
N128/all_gpt_4o/seed_0045,128,45,seed_0045,Gabon,0.5078125,polarization,Gabon,0.5078125,Ukraine,0.421875,4096,32.0,Gabon;Ukraine,128,0,polarization,results/flag_game/proposal_core_remaining_seeds7_w6_h4_scale25_noexamples_stop5/04_model_mix_alpha_neutral/N128/all_gpt_4o/seed_0045
N128/all_gpt_4o/seed_0047,128,47,seed_0047,Hungary,0.0,polarization,Austria,0.5,Bulgaria,0.453125,4096,32.0,Austria;Bulgaria,128,0,polarization,results/flag_game/proposal_core_remaining_seeds7_w6_h4_scale25_noexamples_stop5/04_model_mix_alpha_neutral/N128/all_gpt_4o/seed_0047
N128/all_gpt_4o/seed_0048,128,48,seed_0048,Netherlands,0.0,polarization,Russia,0.4921875,Austria,0.453125,4096,32.0,Russia;Austria,128,0,polarization,results/flag_game/proposal_core_remaining_seeds7_w6_h4_scale25_noexamples_stop5/04_model_mix_alpha_neutral/N128/all_gpt_4o/seed_0048
N128/all_gpt_4o/seed_0049,128,49,seed_0049,Belgium,0.4453125,polarization,Guinea,0.546875,Belgium,0.4453125,4096,32.0,Guinea;Belgium,128,0,polarization,results/flag_game/proposal_core_remaining_seeds7_w6_h4_scale25_noexamples_stop5/04_model_mix_alpha_neutral/N128/all_gpt_4o/seed_0049
N128/all_gpt_4o/seed_0050,128,50,seed_0050,Luxembourg,0.0,polarization,Sierra Leone,0.515625,Austria,0.4765625,4096,32.0,Sierra Leone;Austria,128,0,polarization,results/flag_game/proposal_core_remaining_seeds7_w6_h4_scale25_noexamples_stop5/04_model_mix_alpha_neutral/N128/all_gpt_4o/seed_0050
N128/all_gpt_4o/seed_0051,128,51,seed_0051,France,0.6875,polarization,France,0.6875,Peru,0.3125,4096,32.0,France;Peru,128,0,polarization,results/flag_game/proposal_core_remaining_seeds7_w6_h4_scale25_noexamples_stop5/04_model_mix_alpha_neutral/N128/all_gpt_4o/seed_0051
N128/all_gpt_4o/seed_0052,128,52,seed_0052,Gabon,0.359375,polarization,Ukraine,0.5,Gabon,0.359375,4096,32.0,Ukraine;Gabon,128,0,polarization,results/flag_game/proposal_core_remaining_seeds7_w6_h4_scale25_noexamples_stop5/04_model_mix_alpha_neutral/N128/all_gpt_4o/seed_0052
